Title,Release Date,Domestic Sales (in $),International Sales (in $),World Sales (in $),Genre,Movie Runtime
Star Wars: Episode VII - The Force Awakens,2015,936662225,1132859475,2069521700,"['Action', 'Adventure', 'Sci-Fi']",2 hr 18 min
Avengers: Endgame,2019,858373000,1939128328,2797501328,"['Action', 'Adventure', 'Drama', 'Sci-Fi']",3 hr 1 min
Avatar,2009,760507625,2086738578,2847246203,"['Action', 'Adventure', 'Fantasy', 'Sci-Fi']",2 hr 42 min
Black Panther,2018,700426566,647171407,1347597973,"['Action', 'Adventure', 'Sci-Fi']",2 hr 14 min
Avengers: Infinity War,2018,678815482,1369544272,2048359754,"['Action', 'Adventure', 'Sci-Fi']",2 hr 29 min
Spider-Man: No Way Home,2021,675813257,868642706,1544455963,"['Action', 'Adventure', 'Fantasy', 'Sci-Fi']",2 hr 28 min
Titanic,1997,659363944,1542283320,2201647264,"['Drama', 'Romance']",3 hr 14 min
Jurassic World,2015,652385625,1018130819,1670516444,"['Action', 'Adventure', 'Sci-Fi']",2 hr 4 min
The Avengers,2012,623357910,895457605,1518815515,"['Action', 'Adventure', 'Sci-Fi']",2 hr 23 min
Star Wars: Episode VIII - The Last Jedi,2017,620181382,712517448,1332698830,"['Action', 'Adventure', 'Fantasy', 'Sci-Fi']",2 hr 32 min
Incredibles 2,2018,608581744,634507500,1243089244,"['Action', 'Adventure', 'Animation', 'Comedy', 'Family', 'Sci-Fi']",1 hr 58 min
The Lion King,2019,543638043,1119261396,1662899439,"['Adventure', 'Animation', 'Drama', 'Family', 'Musical']",1 hr 58 min
The Dark Knight,2008,534858444,471115201,1005973645,"['Action', 'Crime', 'Drama', 'Thriller']",2 hr 32 min
Rogue One: A Star Wars Story,2016,532177324,523880396,1056057720,"['Action', 'Adventure', 'Sci-Fi']",2 hr 13 min
Star Wars: Episode IX - The Rise of Skywalker,2019,515202542,558946737,1074149279,"['Action', 'Adventure', 'Fantasy', 'Sci-Fi']",2 hr 21 min
Beauty and the Beast,2017,504481165,769095055,1273576220,"['Adventure', 'Family', 'Fantasy', 'Musical', 'Romance']",2 hr 9 min
Finding Dory,2016,486295561,542275381,1028570942,"['Adventure', 'Animation', 'Comedy', 'Family']",1 hr 37 min
Frozen II,2019,477373578,972653355,1450026933,"['Adventure', 'Animation', 'Comedy', 'Family', 'Fantasy', 'Musical']",1 hr 43 min
Star Wars: Episode I - The Phantom Menace,1999,474544677,552538030,1027082707,"['Action', 'Adventure', 'Fantasy', 'Sci-Fi']",2 hr 16 min
Star Wars: Episode IV - A New Hope,1977,460998507,195751992,775398007,"['Action', 'Adventure', 'Fantasy', 'Sci-Fi']",2 hr 1 min
Avengers: Age of Ultron,2015,459005868,943803672,1402809540,"['Action', 'Adventure', 'Sci-Fi']",2 hr 21 min
The Dark Knight Rises,2012,448139099,633003513,1081142612,"['Action', 'Crime', 'Drama']",2 hr 44 min
Shrek 2,2004,441226247,487534523,928760770,"['Adventure', 'Animation', 'Comedy', 'Family', 'Fantasy', 'Romance']",1 hr 33 min
E.T. the Extra-Terrestrial,1982,435110554,304203888,792910554,"['Adventure', 'Family', 'Sci-Fi']",1 hr 55 min
Toy Story 4,2019,434038008,639356585,1073394593,"['Adventure', 'Animation', 'Comedy', 'Family', 'Fantasy']",1 hr 40 min
Captain Marvel,2019,426829839,701633133,1128462972,"['Action', 'Adventure', 'Sci-Fi']",2 hr 3 min
The Hunger Games: Catching Fire,2013,424668047,440343699,865011746,"['Action', 'Adventure', 'Drama', 'Sci-Fi', 'Thriller']",2 hr 26 min
Pirates of the Caribbean: Dead Man's Chest,2006,423315812,642863935,1066179747,"['Action', 'Adventure', 'Fantasy']",2 hr 31 min
The Lion King,1994,422783777,640828028,1063611805,"['Adventure', 'Animation', 'Drama', 'Family', 'Musical']",1 hr 28 min
Jurassic World: Fallen Kingdom,2018,417719760,892746536,1310466296,"['Action', 'Adventure', 'Sci-Fi']",2 hr 8 min
Toy Story 3,2010,415004880,651965931,1066970811,"['Adventure', 'Animation', 'Comedy', 'Family', 'Fantasy']",1 hr 43 min
Wonder Woman,2017,412815408,410009114,822824522,"['Action', 'Adventure', 'Fantasy', 'Sci-Fi', 'War']",2 hr 21 min
Iron Man 3,2013,409013994,805797258,1214811252,"['Action', 'Adventure', 'Sci-Fi']",2 hr 10 min
Captain America: Civil War,2016,408084349,745253147,1153337496,"['Action', 'Adventure', 'Sci-Fi']",2 hr 27 min
The Hunger Games,2012,408010692,286384032,694394724,"['Action', 'Adventure', 'Sci-Fi', 'Thriller']",2 hr 22 min
Spider-Man,2002,407022860,418002176,825025036,"['Action', 'Adventure', 'Sci-Fi']",2 hr 1 min
Jumanji: Welcome to the Jungle,2017,404540171,558002774,962542945,"['Action', 'Adventure', 'Comedy', 'Fantasy']",1 hr 59 min
Jurassic Park,1993,404214720,629713583,1033928303,"['Action', 'Adventure', 'Sci-Fi', 'Thriller']",2 hr 7 min
Transformers: Revenge of the Fallen,2009,402111870,434191823,836303693,"['Action', 'Adventure', 'Sci-Fi']",2 hr 29 min
Frozen,2013,400953009,880555091,1281508100,"['Adventure', 'Animation', 'Comedy', 'Family', 'Fantasy', 'Musical']",1 hr 42 min
Spider-Man: Far from Home,2019,390532085,741395911,1131927996,"['Action', 'Adventure', 'Sci-Fi']",2 hr 9 min
Guardians of the Galaxy Vol. 2,2017,389813101,473942950,863756051,"['Action', 'Adventure', 'Comedy', 'Sci-Fi']",2 hr 16 min
Harry Potter and the Deathly Hallows: Part 2,2011,381409310,960912354,1342321665,"['Adventure', 'Fantasy', 'Mystery']",2 hr 10 min
Finding Nemo,2003,380843261,559509384,940352645,"['Adventure', 'Animation', 'Comedy', 'Family']",1 hr 40 min
Star Wars: Episode III - Revenge of the Sith,2005,380270577,488119983,868390560,"['Action', 'Adventure', 'Fantasy', 'Sci-Fi']",2 hr 20 min
The Lord of the Rings: The Return of the King,2003,377845905,768185007,1146030912,"['Action', 'Adventure', 'Drama', 'Fantasy']",3 hr 21 min
Spider-Man 2,2004,373585825,415390628,788976453,"['Action', 'Adventure', 'Sci-Fi']",2 hr 7 min
The Passion of the Christ,2004,370782930,241271576,612054506,['Drama'],2 hr 7 min
The Secret Life of Pets,2016,368384330,507074301,875458631,"['Adventure', 'Animation', 'Comedy', 'Family']",1 hr 27 min
Despicable Me 2,2013,368065385,602700620,970766005,"['Adventure', 'Animation', 'Comedy', 'Crime', 'Family', 'Sci-Fi']",1 hr 38 min
The Jungle Book,2016,364001123,602553806,966554929,"['Adventure', 'Drama', 'Family', 'Fantasy']",1 hr 46 min
Deadpool,2016,363070709,419766082,782836791,"['Action', 'Adventure', 'Comedy', 'Sci-Fi']",1 hr 48 min
Inside Out,2015,356921711,501926308,858848019,"['Adventure', 'Animation', 'Comedy', 'Drama', 'Family', 'Fantasy', 'Sci-Fi']",1 hr 35 min
Aladdin,2019,355559216,695134737,1050693953,"['Adventure', 'Comedy', 'Family', 'Fantasy', 'Musical', 'Romance']",2 hr 8 min
Furious 7,2015,353007020,1162334379,1515341399,"['Action', 'Thriller']",2 hr 17 min
Transformers: Dark of the Moon,2011,352390543,771403536,1123794079,"['Action', 'Adventure', 'Sci-Fi']",2 hr 34 min
American Sniper,2014,350126372,197300000,547426372,"['Action', 'Biography', 'Drama', 'War']",2 hr 13 min
The Lord of the Rings: The Two Towers,2002,342551365,604943730,947495095,"['Action', 'Adventure', 'Drama', 'Fantasy']",2 hr 59 min
Zootopia,2016,341268248,682852856,1024121104,"['Adventure', 'Animation', 'Comedy', 'Crime', 'Family', 'Mystery']",1 hr 48 min
The Hunger Games: Mockingjay - Part 1,2014,337135885,418220826,755356711,"['Action', 'Adventure', 'Sci-Fi', 'Thriller']",2 hr 3 min
Spider-Man 3,2007,336530303,558453070,894983373,"['Action', 'Adventure', 'Sci-Fi']",2 hr 19 min
Minions,2015,336045770,823398892,1159444662,"['Adventure', 'Animation', 'Comedy', 'Crime', 'Family', 'Sci-Fi']",1 hr 31 min
Joker,2019,335451311,738968073,1074419384,"['Crime', 'Drama', 'Thriller']",2 hr 2 min
Aquaman,2018,335061807,813424079,1148485886,"['Action', 'Adventure', 'Fantasy', 'Sci-Fi']",2 hr 23 min
Spider-Man: Homecoming,2017,334201140,545965784,880166924,"['Action', 'Adventure', 'Sci-Fi']",2 hr 13 min
Alice in Wonderland,2010,334191110,691277106,1025468216,"['Adventure', 'Family', 'Fantasy', 'Mystery']",1 hr 48 min
Guardians of the Galaxy,2014,333718600,439631547,773350147,"['Action', 'Adventure', 'Comedy', 'Sci-Fi']",2 hr 1 min
Forrest Gump,1994,330455270,347770863,678226133,"['Drama', 'Romance']",2 hr 22 min
Batman v Superman: Dawn of Justice,2016,330360194,543277334,873637528,"['Action', 'Adventure', 'Sci-Fi']",2 hr 32 min
It,2017,328828874,372967570,701796444,['Horror'],2 hr 15 min
Suicide Squad,2016,325100054,421746840,746846894,"['Action', 'Adventure', 'Fantasy', 'Sci-Fi']",2 hr 3 min
Deadpool 2,2018,324591735,461304874,785896609,"['Action', 'Adventure', 'Comedy', 'Sci-Fi']",1 hr 59 min
Shrek the Third,2007,322719944,490647436,813367380,"['Adventure', 'Animation', 'Comedy', 'Family', 'Fantasy', 'Romance']",1 hr 33 min
Jumanji: The Next Level,2019,320314960,479744747,800059707,"['Action', 'Adventure', 'Comedy', 'Fantasy']",2 hr 3 min
Transformers,2007,319246193,390463587,709709780,"['Action', 'Adventure', 'Sci-Fi']",2 hr 24 min
Iron Man,2008,319034126,266762121,585796247,"['Action', 'Adventure', 'Sci-Fi']",2 hr 6 min
Harry Potter and the Sorcerer's Stone,2001,318087620,698725454,1016813075,"['Adventure', 'Family', 'Fantasy']",2 hr 32 min
Indiana Jones and the Kingdom of the Crystal Skull,2008,317101119,473552823,790653942,"['Action', 'Adventure']",2 hr 2 min
The Lord of the Rings: The Fellowship of the Ring,2001,315710750,581979322,897690072,"['Action', 'Adventure', 'Drama', 'Fantasy']",2 hr 58 min
Thor: Ragnarok,2017,315058289,538925622,853983911,"['Action', 'Adventure', 'Comedy', 'Fantasy', 'Sci-Fi']",2 hr 10 min
Iron Man 2,2010,312433331,311500000,623933331,"['Action', 'Adventure', 'Sci-Fi']",2 hr 4 min
Star Wars: Episode II - Attack of the Clones,2002,310676740,343103230,653779970,"['Action', 'Adventure', 'Fantasy', 'Sci-Fi']",2 hr 22 min
Pirates of the Caribbean: At World's End,2007,309420425,651576067,960996492,"['Action', 'Adventure', 'Fantasy']",2 hr 49 min
Star Wars: Episode VI - Return of the Jedi,1983,309306177,122009457,475106177,"['Action', 'Adventure', 'Fantasy', 'Sci-Fi']",2 hr 11 min
Independence Day,1996,306169268,511231623,817400891,"['Action', 'Adventure', 'Sci-Fi']",2 hr 25 min
Pirates of the Caribbean: The Curse of the Black Pearl,2003,305413918,348850097,654264015,"['Action', 'Adventure', 'Fantasy']",2 hr 23 min
Skyfall,2012,304360277,804209222,1108569499,"['Action', 'Adventure', 'Thriller']",2 hr 23 min
The Hobbit: An Unexpected Journey,2012,303003568,714000000,1017003568,"['Adventure', 'Fantasy']",2 hr 49 min
Harry Potter and the Half-Blood Prince,2009,302305431,632148664,934454096,"['Action', 'Adventure', 'Family', 'Fantasy', 'Mystery']",2 hr 33 min
The Twilight Saga: Eclipse,2010,300531751,397959596,698491347,"['Action', 'Adventure', 'Drama', 'Fantasy', 'Romance', 'Thriller']",2 hr 4 min
The Twilight Saga: New Moon,2009,297816253,413209228,711025481,"['Adventure', 'Drama', 'Fantasy', 'Romance']",2 hr 10 min
Harry Potter and the Deathly Hallows: Part 1,2010,296347721,680695761,977043483,"['Adventure', 'Family', 'Fantasy', 'Mystery']",2 hr 26 min
The Sixth Sense,1999,293506292,379300140,672806432,"['Drama', 'Mystery', 'Thriller']",1 hr 47 min
Up,2009,293004164,442094938,735099102,"['Adventure', 'Animation', 'Comedy', 'Drama', 'Family']",1 hr 36 min
Star Wars: Episode V - The Empire Strikes Back,1980,292753960,190685234,538375067,"['Action', 'Adventure', 'Fantasy', 'Sci-Fi']",2 hr 4 min
Inception,2010,292576195,544260772,836836967,"['Action', 'Adventure', 'Sci-Fi', 'Thriller']",2 hr 28 min
Harry Potter and the Order of the Phoenix,2007,292353413,649818982,942172396,"['Action', 'Adventure', 'Family', 'Fantasy', 'Mystery']",2 hr 18 min
The Twilight Saga: Breaking Dawn - Part 2,2012,292324737,537422917,829747654,"['Adventure', 'Drama', 'Fantasy', 'Romance']",1 hr 55 min
"The Chronicles of Narnia: The Lion, the Witch and the Wardrobe",2005,291710957,453302158,745013115,"['Adventure', 'Family', 'Fantasy']",2 hr 23 min
Man of Steel,2013,291045518,377000000,668045518,"['Action', 'Adventure', 'Sci-Fi']",2 hr 23 min
"Monsters, Inc.",2001,290642256,289065482,579707738,"['Adventure', 'Animation', 'Comedy', 'Family', 'Fantasy']",1 hr 32 min
Harry Potter and the Goblet of Fire,2005,290417905,606260335,896678241,"['Adventure', 'Family', 'Fantasy', 'Mystery']",2 hr 37 min
Home Alone,1990,285761243,190923432,476684675,"['Comedy', 'Family']",1 hr 43 min
The Hunger Games: Mockingjay - Part 2,2015,281723902,376620235,658344137,"['Action', 'Adventure', 'Sci-Fi', 'Thriller']",2 hr 17 min
The Matrix Reloaded,2003,281576461,460271476,741847937,"['Action', 'Sci-Fi']",2 hr 18 min
The Twilight Saga: Breaking Dawn - Part 1,2011,281287133,430918723,712205856,"['Adventure', 'Drama', 'Fantasy', 'Romance', 'Thriller']",1 hr 57 min
Meet the Fockers,2004,279261160,243396776,522657936,"['Comedy', 'Romance']",1 hr 55 min
The Hangover,2009,277322503,191988333,469310836,['Comedy'],1 hr 40 min
Gravity,2013,274092705,449100000,723192705,"['Action', 'Drama', 'Sci-Fi', 'Thriller']",1 hr 31 min
The Grinch,2018,271094731,241474088,512568819,"['Adventure', 'Animation', 'Comedy', 'Family', 'Fantasy', 'Musical']",1 hr 25 min
Sing,2016,270448425,363759959,634208384,"['Animation', 'Comedy', 'Family', 'Musical']",1 hr 48 min
Monsters University,2013,268492764,475066881,743559645,"['Adventure', 'Animation', 'Comedy', 'Family', 'Fantasy']",1 hr 44 min
Shrek,2001,267665011,220188309,487853320,"['Adventure', 'Animation', 'Comedy', 'Family', 'Fantasy', 'Romance']",1 hr 30 min
Despicable Me 3,2017,264624300,770175831,1034800131,"['Adventure', 'Animation', 'Comedy', 'Crime', 'Family', 'Sci-Fi']",1 hr 29 min
Harry Potter and the Chamber of Secrets,2002,262450136,617152229,879602366,"['Adventure', 'Family', 'Fantasy', 'Mystery']",2 hr 41 min
The Amazing Spider-Man,2012,262030663,495900000,757930663,"['Action', 'Adventure', 'Sci-Fi']",2 hr 16 min
The Incredibles,2004,261441092,370165961,631607053,"['Action', 'Adventure', 'Animation', 'Family']",1 hr 55 min
Jaws,1975,260758300,210653000,471411300,"['Adventure', 'Thriller']",2 hr 4 min
How the Grinch Stole Christmas,2000,260465005,85108027,345573032,"['Comedy', 'Family', 'Fantasy']",1 hr 44 min
Captain America: The Winter Soldier,2014,259766572,454654931,714421503,"['Action', 'Adventure', 'Sci-Fi', 'Thriller']",2 hr 16 min
The Hobbit: The Desolation of Smaug,2013,258366855,700640658,959007513,"['Adventure', 'Fantasy']",2 hr 41 min
The Lego Movie,2014,257760692,210300000,468060692,"['Action', 'Adventure', 'Animation', 'Comedy', 'Family', 'Fantasy', 'Sci-Fi']",1 hr 40 min
Star Trek,2009,257730019,127950427,385680446,"['Action', 'Adventure', 'Sci-Fi']",2 hr 7 min
I Am Legend,2007,256393010,329017042,585410052,"['Action', 'Drama', 'Sci-Fi', 'Thriller']",1 hr 41 min
The Blind Side,2009,255959475,53248834,309208309,"['Biography', 'Drama', 'Sport']",2 hr 9 min
The Hobbit: The Battle of the Five Armies,2014,255119788,707063077,962182865,"['Adventure', 'Fantasy']",2 hr 24 min
The Hangover Part II,2011,254464305,332300000,586764305,['Comedy'],1 hr 42 min
Despicable Me,2010,251513985,291600000,543113985,"['Adventure', 'Animation', 'Comedy', 'Crime', 'Family', 'Sci-Fi']",1 hr 35 min
Batman,1989,251348343,160160000,411508343,"['Action', 'Adventure']",2 hr 6 min
Night at the Museum,2006,250863268,323617961,574481229,"['Adventure', 'Comedy', 'Family', 'Fantasy']",1 hr 48 min
Men in Black,1997,250690539,338700000,589390539,"['Action', 'Adventure', 'Comedy', 'Sci-Fi']",1 hr 38 min
Harry Potter and the Prisoner of Azkaban,2004,249975996,547385621,797361618,"['Adventure', 'Family', 'Fantasy', 'Mystery']",2 hr 22 min
Moana,2016,248757044,395379444,644136488,"['Adventure', 'Animation', 'Comedy', 'Family', 'Fantasy', 'Musical']",1 hr 47 min
Indiana Jones and the Raiders of the Lost Ark,1981,248159971,141766000,389925971,"['Action', 'Adventure']",1 hr 55 min
Toy Story 2,1999,245852179,251523202,497375381,"['Adventure', 'Animation', 'Comedy', 'Family', 'Fantasy']",1 hr 32 min
Transformers: Age of Extinction,2014,245439076,858614996,1104054072,"['Action', 'Adventure', 'Sci-Fi']",2 hr 45 min
Cars,2006,244082982,217908885,461991867,"['Adventure', 'Animation', 'Comedy', 'Family', 'Sport']",1 hr 57 min
Ghostbusters,1984,243578797,53000000,296578797,"['Action', 'Comedy', 'Fantasy', 'Sci-Fi']",1 hr 45 min
Bruce Almighty,2003,242829261,241763613,484592874,"['Comedy', 'Fantasy']",1 hr 41 min
Twister,1996,241721524,252750000,494471524,"['Action', 'Adventure', 'Thriller']",1 hr 53 min
My Big Fat Greek Wedding,2002,241438208,127305836,368744044,"['Comedy', 'Drama', 'Romance']",1 hr 35 min
Maleficent,2014,241410378,517001401,758411779,"['Adventure', 'Family', 'Fantasy', 'Romance']",1 hr 37 min
Pirates of the Caribbean: On Stranger Tides,2011,241071802,804642000,1045713802,"['Action', 'Adventure', 'Fantasy']",2 hr 17 min
Shrek Forever After,2010,238736787,513864080,752600867,"['Adventure', 'Animation', 'Comedy', 'Family', 'Fantasy', 'Romance']",1 hr 33 min
Fast & Furious 6,2013,238679850,550001118,788680968,"['Action', 'Crime', 'Thriller']",2 hr 10 min
Brave,2012,237283207,301700000,538983207,"['Adventure', 'Animation', 'Comedy', 'Family', 'Fantasy']",1 hr 33 min
Oz the Great and Powerful,2013,234911825,258400000,493311825,"['Adventure', 'Family', 'Fantasy']",2 hr 10 min
X-Men: The Last Stand,2006,234362462,226072829,460435291,"['Action', 'Adventure', 'Sci-Fi']",1 hr 44 min
War of the Worlds,2005,234280354,369592765,603873119,"['Action', 'Adventure', 'Sci-Fi']",1 hr 56 min
Fantastic Beasts and Where to Find Them,2016,234037575,580006426,814044001,"['Adventure', 'Family', 'Fantasy']",2 hr 12 min
X-Men: Days of Future Past,2014,233921534,512124166,746045700,"['Action', 'Adventure', 'Sci-Fi', 'Thriller']",2 hr 12 min
Cast Away,2000,233632142,196000000,429632142,"['Adventure', 'Drama', 'Romance']",2 hr 23 min
The Exorcist,1973,232906145,136017945,441306145,['Horror'],2 hr 2 min
Doctor Strange,2016,232641920,445154156,677796076,"['Action', 'Adventure', 'Fantasy', 'Sci-Fi']",1 hr 55 min
The Lost World: Jurassic Park,1997,229086679,389552320,618638999,"['Action', 'Adventure', 'Sci-Fi']",2 hr 9 min
Justice League,2017,229024295,428902692,657926987,"['Action', 'Adventure', 'Fantasy', 'Sci-Fi']",2 hr
Star Trek Into Darkness,2013,228778661,238586585,467365246,"['Action', 'Adventure', 'Sci-Fi']",2 hr 12 min
The Martian,2015,228433663,401728785,630162448,"['Adventure', 'Drama', 'Sci-Fi']",2 hr 24 min
Signs,2002,227966634,180281283,408247917,"['Drama', 'Mystery', 'Sci-Fi', 'Thriller']",1 hr 46 min
Hancock,2008,227946274,401497154,629443428,"['Action', 'Drama', 'Fantasy']",1 hr 32 min
The Bourne Ultimatum,2007,227471070,216628965,444100035,"['Action', 'Mystery', 'Thriller']",1 hr 55 min
Logan,2017,226277068,392902882,619179950,"['Action', 'Drama', 'Sci-Fi', 'Thriller']",2 hr 17 min
Rush Hour 2,2001,226164286,121161516,347325802,"['Action', 'Comedy', 'Crime', 'Thriller']",1 hr 30 min
The Fate of the Furious,2017,226008385,1009996733,1236005118,"['Action', 'Crime', 'Thriller']",2 hr 16 min
Shang-Chi and the Legend of the Ten Rings,2021,224543292,207689718,432233010,"['Action', 'Adventure', 'Fantasy', 'Sci-Fi']",2 hr 12 min
WALL·E,2008,223808164,297503726,521311890,"['Adventure', 'Animation', 'Family', 'Sci-Fi']",1 hr 38 min
Big Hero 6,2014,222527828,435341858,657869686,"['Action', 'Adventure', 'Animation', 'Comedy', 'Family', 'Sci-Fi']",1 hr 42 min
Mission: Impossible - Fallout,2018,220159104,571498294,791657398,"['Action', 'Adventure', 'Thriller']",2 hr 27 min
National Treasure: Book of Secrets,2007,219964115,239278134,459242249,"['Action', 'Adventure', 'Mystery', 'Thriller']",2 hr 4 min
Alvin and the Chipmunks: The Squeakquel,2009,219614612,223525393,443140005,"['Adventure', 'Animation', 'Comedy', 'Drama', 'Family', 'Fantasy', 'Music', 'Musical']",1 hr 28 min
Mrs. Doubtfire,1993,219195243,222090952,441286195,"['Comedy', 'Drama', 'Family']",2 hr 5 min
Beauty and the Beast,1991,218967620,186043788,424967620,"['Animation', 'Family', 'Fantasy', 'Musical', 'Romance']",1 hr 24 min
Ted,2012,218815487,330552828,549368315,['Comedy'],1 hr 46 min
King Kong,2005,218080025,338826353,556906378,"['Action', 'Adventure', 'Drama', 'Romance']",3 hr 7 min
Ghost,1990,217631306,288072251,505703557,"['Drama', 'Fantasy', 'Romance', 'Thriller']",2 hr 7 min
How to Train Your Dragon,2010,217581231,277298240,494879471,"['Action', 'Adventure', 'Animation', 'Comedy', 'Family', 'Fantasy']",1 hr 38 min
The Da Vinci Code,2006,217536138,542470807,760006945,"['Mystery', 'Thriller']",2 hr 29 min
Aladdin,1992,217350219,286700000,504050219,"['Adventure', 'Animation', 'Comedy', 'Family', 'Fantasy', 'Musical', 'Romance']",1 hr 30 min
Alvin and the Chipmunks,2007,217326974,148025572,365352546,"['Adventure', 'Animation', 'Comedy', 'Drama', 'Family', 'Fantasy', 'Music', 'Musical']",1 hr 32 min
Saving Private Ryan,1998,217049603,265300000,482349603,"['Drama', 'War']",2 hr 49 min
Bohemian Rhapsody,2018,216668042,694141269,910809311,"['Biography', 'Drama', 'Music']",2 hr 14 min
Ant-Man and the Wasp,2018,216648740,406025399,622674139,"['Action', 'Adventure', 'Comedy', 'Sci-Fi']",1 hr 58 min
Madagascar 3: Europe's Most Wanted,2012,216391482,530529792,746921274,"['Adventure', 'Animation', 'Comedy', 'Family']",1 hr 35 min
Kung Fu Panda,2008,215434591,416311606,631746197,"['Action', 'Adventure', 'Animation', 'Comedy', 'Family', 'Fantasy']",1 hr 32 min
Mission: Impossible II,2000,215409889,330978219,546388108,"['Action', 'Adventure', 'Thriller']",2 hr 3 min
A Star Is Born,2018,215288866,220900000,436188866,"['Drama', 'Music', 'Romance']",2 hr 16 min
X2: X-Men United,2003,214949694,192761855,407711549,"['Action', 'Sci-Fi', 'Thriller']",2 hr 14 min
The Lorax,2012,214030500,134809816,348840316,"['Adventure', 'Animation', 'Comedy', 'Drama', 'Family', 'Fantasy', 'Musical']",1 hr 26 min
Solo: A Star Wars Story,2018,213767512,179157295,392924807,"['Action', 'Adventure', 'Sci-Fi']",2 hr 15 min
Venom,2018,213515506,642569645,856085151,"['Action', 'Adventure', 'Sci-Fi']",1 hr 52 min
Austin Powers in Goldmember,2002,213307889,83630912,296938801,"['Action', 'Adventure', 'Comedy', 'Crime']",1 hr 34 min
Venom: Let There Be Carnage,2021,212638437,288500000,501138437,"['Action', 'Adventure', 'Sci-Fi', 'Thriller']",1 hr 37 min
It Chapter Two,2019,211593228,261500000,473093228,"['Drama', 'Fantasy', 'Horror']",2 hr 49 min
Back to the Future,1985,211406762,170500000,381906762,"['Adventure', 'Comedy', 'Sci-Fi']",1 hr 56 min
300,2006,210614939,245453242,456068181,"['Action', 'Drama']",1 hr 57 min
Coco,2017,210460015,597357873,807817888,"['Adventure', 'Animation', 'Comedy', 'Family', 'Fantasy', 'Music', 'Mystery']",1 hr 45 min
Fast Five,2011,209837675,416300000,626137675,"['Action', 'Crime', 'Thriller']",2 hr 10 min
Mission: Impossible - Ghost Protocol,2011,209397903,485315477,694713380,"['Action', 'Adventure', 'Thriller']",2 hr 12 min
Wedding Crashers,2005,209255921,79211724,288467645,"['Comedy', 'Romance']",1 hr 59 min
Sherlock Holmes,2009,209028679,315000000,524028679,"['Action', 'Adventure', 'Mystery']",2 hr 8 min
Dawn of the Planet of the Apes,2014,208545589,502098977,710644566,"['Action', 'Adventure', 'Drama', 'Sci-Fi', 'Thriller']",2 hr 10 min
Batman Begins,2005,206852432,166809514,373661946,"['Action', 'Crime', 'Drama']",2 hr 20 min
Charlie and the Chocolate Factory,2005,206459076,268509687,474968763,"['Adventure', 'Comedy', 'Family', 'Fantasy', 'Musical']",1 hr 55 min
Ratatouille,2007,206445654,417280431,623726085,"['Adventure', 'Animation', 'Comedy', 'Family', 'Fantasy']",1 hr 51 min
Thor: The Dark World,2013,206362140,438421000,644783140,"['Action', 'Adventure', 'Fantasy']",1 hr 52 min
Bad Boys for Life,2020,206305244,220200000,426505244,"['Action', 'Comedy', 'Crime', 'Thriller']",2 hr 4 min
Austin Powers: The Spy Who Shagged Me,1999,206040086,105976842,312016928,"['Action', 'Adventure', 'Comedy', 'Crime']",1 hr 35 min
Terminator 2: Judgment Day,1991,205881154,312106698,520881154,"['Action', 'Sci-Fi']",2 hr 17 min
The Amazing Spider-Man 2,2014,202853933,506128390,708982323,"['Action', 'Adventure', 'Sci-Fi']",2 hr 22 min
World War Z,2013,202807711,337648165,540455876,"['Action', 'Adventure', 'Horror', 'Sci-Fi']",1 hr 56 min
The Mummy Returns,2001,202019785,241261119,443280904,"['Action', 'Adventure', 'Fantasy', 'Thriller']",2 hr 10 min
Armageddon,1998,201578182,352131606,553709788,"['Action', 'Adventure', 'Sci-Fi', 'Thriller']",2 hr 31 min
Cinderella,2015,201151353,341206978,542358331,"['Adventure', 'Drama', 'Family', 'Fantasy', 'Romance']",1 hr 45 min
Ralph Breaks the Internet,2018,201091711,328232251,529323962,"['Adventure', 'Animation', 'Comedy', 'Family', 'Fantasy', 'Sci-Fi']",1 hr 52 min
Tangled,2010,200821936,391640880,592462816,"['Adventure', 'Animation', 'Comedy', 'Family', 'Fantasy', 'Musical', 'Romance']",1 hr 40 min
Godzilla,2014,200676069,324300000,524976069,"['Action', 'Adventure', 'Sci-Fi', 'Thriller']",2 hr 3 min
Superman Returns,2006,200081192,191000000,391081192,"['Action', 'Adventure', 'Sci-Fi']",2 hr 34 min
Spectre,2015,200074609,680606910,880681519,"['Action', 'Adventure', 'Thriller']",2 hr 28 min
Pearl Harbor,2001,198542554,250678391,449220945,"['Action', 'Drama', 'History', 'Romance', 'War']",3 hr 3 min
Monsters vs. Aliens,2009,198351526,183158344,381509870,"['Action', 'Adventure', 'Animation', 'Comedy', 'Family', 'Fantasy', 'Sci-Fi']",1 hr 34 min
Happy Feet,2006,198000317,186335791,384336108,"['Adventure', 'Animation', 'Comedy', 'Family', 'Music', 'Musical', 'Romance']",1 hr 48 min
Indiana Jones and the Last Crusade,1989,197171806,277000000,474171806,"['Action', 'Adventure']",2 hr 7 min
Ice Age: Dawn of the Dinosaurs,2009,196573705,690113112,886686817,"['Adventure', 'Animation', 'Comedy', 'Family']",1 hr 34 min
Ice Age: The Meltdown,2006,195330621,471763885,667094506,"['Adventure', 'Animation', 'Comedy', 'Family']",1 hr 31 min
Mission: Impossible - Rogue Nation,2015,195042377,487674259,682716636,"['Action', 'Adventure', 'Thriller']",2 hr 11 min
Twilight,2008,193962473,214467942,408430415,"['Drama', 'Fantasy', 'Romance']",2 hr 2 min
Men in Black II,2002,193735288,251400000,445135288,"['Action', 'Adventure', 'Comedy', 'Mystery', 'Sci-Fi']",1 hr 28 min
Madagascar,2005,193595521,348468325,542063846,"['Adventure', 'Animation', 'Comedy', 'Family']",1 hr 26 min
22 Jump Street,2014,191719337,139614539,331333876,"['Action', 'Comedy', 'Crime']",1 hr 52 min
Cars 2,2011,191452396,368400000,559852396,"['Adventure', 'Animation', 'Comedy', 'Family', 'Sport']",1 hr 46 min
Teenage Mutant Ninja Turtles,2014,191204754,293800000,485004754,"['Action', 'Adventure', 'Animation', 'Comedy', 'Sci-Fi']",1 hr 41 min
Spider-Man: Into the Spider-Verse,2018,190241310,185299521,375540831,"['Action', 'Adventure', 'Animation', 'Comedy', 'Family', 'Fantasy', 'Sci-Fi']",1 hr 57 min
Grease,1978,190071103,206200000,396271103,"['Comedy', 'Musical', 'Romance']",1 hr 50 min
Dunkirk,2017,189740665,337275642,527016307,"['Action', 'Drama', 'History', 'Thriller', 'War']",1 hr 46 min
Wreck-It Ralph,2012,189422889,281800000,471222889,"['Adventure', 'Animation', 'Comedy', 'Family', 'Fantasy', 'Sci-Fi']",1 hr 41 min
A Quiet Place,2018,188024361,152928610,340952971,"['Drama', 'Horror', 'Sci-Fi']",1 hr 30 min
Interstellar,2014,188020017,513709189,701729206,"['Adventure', 'Drama', 'Sci-Fi']",2 hr 49 min
The Polar Express,2004,187935490,126279964,314215454,"['Adventure', 'Animation', 'Comedy', 'Family', 'Fantasy', 'Musical']",1 hr 40 min
Gladiator,2000,187705427,277675375,465380802,"['Action', 'Adventure', 'Drama']",2 hr 35 min
The Croods,2013,187168425,400067558,587235983,"['Adventure', 'Animation', 'Comedy', 'Family', 'Fantasy']",1 hr 38 min
Sherlock Holmes: A Game of Shadows,2011,186848418,357000000,543848418,"['Action', 'Adventure', 'Mystery']",2 hr 9 min
The Day After Tomorrow,2004,186740799,365898772,552639571,"['Action', 'Adventure', 'Sci-Fi', 'Thriller']",2 hr 4 min
Mr. & Mrs. Smith,2005,186336279,300951367,487287646,"['Action', 'Comedy', 'Crime', 'Thriller']",2 hr
Snow White and the Seven Dwarfs,1937,184925486,184925486,184925486,"['Adventure', 'Animation', 'Family', 'Fantasy', 'Musical', 'Romance']",1 hr 23 min
Pitch Perfect 2,2015,184296230,102847849,287144079,"['Comedy', 'Music']",1 hr 55 min
Dances with Wolves,1990,184208848,240000000,424208848,"['Adventure', 'Drama', 'Western']",3 hr 1 min
Batman Forever,1995,184069126,152498032,336567158,"['Action', 'Adventure']",2 hr 1 min
The Fugitive,1993,183875760,185000000,368875760,"['Action', 'Crime', 'Drama', 'Mystery', 'Thriller']",2 hr 10 min
Black Widow,2021,183651655,195979696,379631351,"['Action', 'Adventure', 'Sci-Fi']",2 hr 14 min
The Revenant,2015,183637894,349312609,532950503,"['Action', 'Adventure', 'Drama', 'History', 'Western']",2 hr 36 min
Ocean's Eleven,2001,183417150,267300000,450717150,"['Crime', 'Thriller']",1 hr 56 min
The Simpsons Movie,2007,183135014,353279279,536414293,"['Adventure', 'Animation', 'Comedy']",1 hr 27 min
What Women Want,2000,182811707,191300000,374111707,"['Comedy', 'Fantasy', 'Romance']",2 hr 7 min
The Perfect Storm,2000,182618434,146100000,328718434,"['Action', 'Adventure', 'Drama', 'Thriller']",2 hr 10 min
Lincoln,2012,182207973,93085477,275293450,"['Biography', 'Drama', 'History', 'War']",2 hr 30 min
Liar Liar,1997,181410615,121300000,302710615,"['Comedy', 'Fantasy']",1 hr 26 min
Jurassic Park III,2001,181171875,187608934,368780809,"['Action', 'Adventure', 'Sci-Fi', 'Thriller']",1 hr 32 min
Thor,2011,181030624,268295994,449326618,"['Action', 'Adventure', 'Fantasy']",1 hr 55 min
Mission: Impossible,1996,180981856,276714535,457696391,"['Action', 'Adventure', 'Thriller']",1 hr 50 min
Ant-Man,2015,180202163,339109802,519311965,"['Action', 'Adventure', 'Comedy', 'Sci-Fi']",1 hr 57 min
Planet of the Apes,2001,180011740,182200000,362211740,"['Action', 'Adventure', 'Sci-Fi', 'Thriller']",1 hr 59 min
Madagascar: Escape 2 Africa,2008,180010950,423889404,603900354,"['Adventure', 'Animation', 'Comedy', 'Family']",1 hr 29 min
X-Men Origins: Wolverine,2009,179883157,193179707,373062864,"['Action', 'Sci-Fi']",1 hr 47 min
Indiana Jones and the Temple of Doom,1984,179870271,153237000,333107271,"['Action', 'Adventure']",1 hr 58 min
Hitch,2005,179495555,192098655,371594210,"['Comedy', 'Romance']",1 hr 58 min
Men in Black 3,2012,179020854,445005922,624026776,"['Action', 'Adventure', 'Comedy', 'Sci-Fi']",1 hr 46 min
Pretty Woman,1990,178406268,285000000,463406268,"['Comedy', 'Romance']",1 hr 59 min
Home,2015,177397510,208644097,386041607,"['Adventure', 'Animation', 'Comedy', 'Family', 'Fantasy', 'Sci-Fi']",1 hr 34 min
Night at the Museum: Battle of the Smithsonian,2009,177243721,235862449,413106170,"['Adventure', 'Comedy', 'Family', 'Fantasy']",1 hr 45 min
Tootsie,1982,177200000,177200000,177200000,"['Comedy', 'Drama', 'Romance']",1 hr 56 min
How to Train Your Dragon 2,2014,177002924,444534595,621537519,"['Action', 'Adventure', 'Animation', 'Comedy', 'Family', 'Fantasy']",1 hr 42 min
Rise of the Planet of the Apes,2011,176760185,305040688,481800873,"['Action', 'Drama', 'Sci-Fi', 'Thriller']",1 hr 45 min
Captain America: The First Avenger,2011,176654505,193915269,370569774,"['Action', 'Adventure', 'Sci-Fi']",2 hr 4 min
Elf,2003,176630408,47223328,223853736,"['Adventure', 'Comedy', 'Family', 'Fantasy', 'Romance']",1 hr 37 min
The Karate Kid,2010,176591618,182534404,359126022,"['Action', 'Drama', 'Family', 'Sport']",2 hr 20 min
There's Something About Mary,1998,176484651,193400000,369884651,"['Comedy', 'Romance']",1 hr 59 min
Ice Age,2002,176387405,206869731,383257136,"['Adventure', 'Animation', 'Comedy', 'Family']",1 hr 21 min
The Bourne Supremacy,2004,176241941,114593328,290835269,"['Action', 'Mystery', 'Thriller']",1 hr 48 min
The Lego Batman Movie,2017,175750384,136200000,311950384,"['Action', 'Adventure', 'Animation', 'Comedy', 'Family', 'Fantasy', 'Sci-Fi']",1 hr 44 min
Us,2019,175084580,80100902,255185482,"['Horror', 'Mystery', 'Thriller']",1 hr 56 min
The Boss Baby,2017,175003033,352962903,527965936,"['Adventure', 'Animation', 'Comedy', 'Family', 'Fantasy']",1 hr 37 min
Crazy Rich Asians,2018,174532921,64006277,238539198,"['Comedy', 'Drama', 'Romance']",2 hr
The Greatest Showman,2017,174340174,262609460,436949634,"['Biography', 'Drama', 'Musical']",1 hr 45 min
Fast & Furious Presents: Hobbs & Shaw,2019,173956935,585100000,759056935,"['Action', 'Adventure', 'Thriller']",2 hr 17 min
Apollo 13,1995,173837933,181077570,355237933,"['Adventure', 'Drama', 'History']",2 hr 20 min
Home Alone 2: Lost in New York,1992,173585516,185409334,358994850,"['Adventure', 'Comedy', 'Crime', 'Family']",2 hr
National Treasure,2004,173008894,174503424,347512318,"['Action', 'Adventure', 'Mystery', 'Thriller']",2 hr 11 min
F9: The Fast Saga,2021,173005945,553223556,726229501,"['Action', 'Crime', 'Thriller']",2 hr 23 min
Air Force One,1997,172956409,142200000,315156409,"['Action', 'Drama', 'Thriller']",2 hr 4 min
Rain Man,1988,172825435,182000000,354825435,['Drama'],2 hr 13 min
Pirates of the Caribbean: Dead Men Tell No Tales,2017,172558876,622322566,794881442,"['Action', 'Adventure', 'Fantasy']",2 hr 9 min
TRON: Legacy,2010,172062763,228001089,400063852,"['Action', 'Adventure', 'Sci-Fi']",2 hr 5 min
Mary Poppins Returns,2018,171958438,177587704,349546142,"['Adventure', 'Comedy', 'Family', 'Fantasy', 'Musical']",2 hr 10 min
The Matrix,1999,171479930,295145800,466625730,"['Action', 'Sci-Fi']",2 hr 16 min
True Grit,2010,171243005,81033922,252276927,"['Drama', 'Western']",1 hr 50 min
Tarzan,1999,171091819,277100000,448191819,"['Adventure', 'Animation', 'Comedy', 'Drama', 'Family', 'Music']",1 hr 28 min
John Wick: Chapter 3 - Parabellum,2019,171015687,156266092,327281779,"['Action', 'Crime', 'Thriller']",2 hr 10 min
A Beautiful Mind,2001,170742341,146048916,316791257,"['Biography', 'Drama']",2 hr 15 min
Chicago,2002,170687518,136089214,306776732,"['Comedy', 'Crime', 'Musical']",1 hr 53 min
The Help,2011,169708112,46931000,216639112,['Drama'],2 hr 26 min
Hotel Transylvania 2,2015,169700110,305486596,475186706,"['Adventure', 'Animation', 'Comedy', 'Family', 'Fantasy', 'Horror']",1 hr 29 min
Hidden Figures,2016,169607287,66349611,235956898,"['Biography', 'Drama', 'History']",2 hr 7 min
Bridesmaids,2011,169106725,119276798,288383523,"['Comedy', 'Romance']",2 hr 5 min
Quantum of Solace,2008,168368427,421212055,589580482,"['Action', 'Adventure', 'Thriller']",1 hr 46 min
Wild Hogs,2007,168273550,85351877,253625427,"['Action', 'Adventure', 'Comedy']",1 hr 40 min
Kong: Skull Island,2017,168052812,398600000,566652812,"['Action', 'Adventure', 'Fantasy', 'Sci-Fi']",1 hr 58 min
Three Men and a Baby,1987,167780960,167780960,167780960,"['Comedy', 'Drama', 'Family']",1 hr 42 min
Gone Girl,2014,167767189,201563174,369330363,"['Drama', 'Mystery', 'Thriller']",2 hr 29 min
Hotel Transylvania 3: Summer Vacation,2018,167510016,361073758,528583774,"['Adventure', 'Animation', 'Comedy', 'Family', 'Fantasy', 'Horror']",1 hr 37 min
Casino Royale,2006,167445960,449056952,616502912,"['Action', 'Adventure', 'Thriller']",2 hr 24 min
Meet the Parents,2000,166244045,164200000,330444045,"['Comedy', 'Romance']",1 hr 48 min
Fifty Shades of Grey,2015,166167230,403484237,569651467,"['Drama', 'Romance', 'Thriller']",2 hr 5 min
2012,2009,166112167,625105659,791217826,"['Action', 'Adventure', 'Sci-Fi']",2 hr 38 min
Robin Hood: Prince of Thieves,1991,165493908,225000000,390493908,"['Action', 'Adventure', 'Drama', 'Romance']",2 hr 23 min
Knives Out,2019,165363234,146242347,311605581,"['Comedy', 'Crime', 'Drama', 'Mystery', 'Thriller']",2 hr 10 min
Kung Fu Panda 2,2011,165249063,500443218,665692281,"['Action', 'Adventure', 'Animation', 'Comedy', 'Family', 'Fantasy']",1 hr 30 min
Hannibal,2001,165092268,186600000,351692268,"['Crime', 'Drama', 'Thriller']",2 hr 11 min
Eternals,2021,164819595,237027887,401847482,"['Action', 'Adventure', 'Fantasy', 'Sci-Fi']",2 hr 36 min
Catch Me If You Can,2002,164615351,187498961,352114312,"['Biography', 'Crime', 'Drama']",2 hr 21 min
The Proposal,2009,163958031,153417000,317375031,"['Comedy', 'Drama', 'Romance']",1 hr 48 min
The Pursuit of Happyness,2006,163566459,143561166,307127625,"['Biography', 'Drama']",1 hr 57 min
Big Daddy,1999,163479795,71322100,234801895,"['Comedy', 'Drama']",1 hr 33 min
Clash of the Titans,2010,163214888,330000105,493214993,"['Action', 'Adventure', 'Fantasy']",1 hr 46 min
The SpongeBob Movie: Sponge Out of Water,2015,162994032,162192000,325186032,"['Adventure', 'Animation', 'Comedy', 'Family', 'Fantasy']",1 hr 32 min
Batman Returns,1992,162902340,103990656,266892996,"['Action', 'Crime', 'Fantasy']",2 hr 6 min
Django Unchained,2012,162805434,263268939,426074373,"['Drama', 'Western']",2 hr 45 min
A Bug's Life,1998,162798565,200460294,363258859,"['Adventure', 'Animation', 'Comedy', 'Family', 'Fantasy']",1 hr 35 min
Jason Bourne,2016,162434410,253050504,415484914,"['Action', 'Thriller']",2 hr 3 min
Grown Ups,2010,162001186,109456115,271457301,['Comedy'],1 hr 42 min
The Waterboy,1998,161491646,24500000,185991646,"['Comedy', 'Sport']",1 hr 30 min
Ice Age: Continental Drift,2012,161321843,715922939,877244782,"['Adventure', 'Animation', 'Comedy', 'Family']",1 hr 28 min
Straight Outta Compton,2015,161197785,40437206,201634991,"['Biography', 'Drama', 'History', 'Music']",2 hr 27 min
Die Another Day,2002,160942139,271028977,431971116,"['Action', 'Adventure', 'Thriller']",2 hr 13 min
Shark Tale,2004,160861908,213721971,374583879,"['Adventure', 'Animation', 'Comedy', 'Family', 'Thriller']",1 hr 30 min
How to Train Your Dragon: The Hidden World,2019,160799505,363589578,524389083,"['Action', 'Adventure', 'Animation', 'Comedy', 'Family', 'Fantasy']",1 hr 44 min
No Time to Die,2021,160772007,613262000,774034007,"['Action', 'Adventure', 'Thriller']",2 hr 43 min
A Quiet Place Part II,2020,160072261,137300000,297372261,"['Drama', 'Horror', 'Sci-Fi', 'Thriller']",1 hr 37 min
The Heat,2013,159582188,70348583,229930771,"['Action', 'Comedy', 'Crime']",1 hr 57 min
Fantastic Beasts: The Crimes of Grindelwald,2018,159555901,495300000,654855901,"['Adventure', 'Family', 'Fantasy']",2 hr 14 min
Halloween,2018,159342015,96272926,255614941,"['Crime', 'Horror', 'Thriller']",1 hr 46 min
1917,2019,159227644,225691745,384919389,"['Action', 'Drama', 'War']",1 hr 59 min
The Secret Life of Pets 2,2019,158874395,271176898,430051293,"['Adventure', 'Animation', 'Comedy', 'Family']",1 hr 26 min
Star Trek Beyond,2016,158848340,184623476,343471816,"['Action', 'Adventure', 'Sci-Fi', 'Thriller']",2 hr 2 min
The Firm,1993,158348367,111900000,270248367,"['Drama', 'Mystery', 'Thriller']",2 hr 34 min
The Longest Yard,2005,158119460,33347096,191466556,"['Comedy', 'Crime', 'Sport']",1 hr 53 min
X-Men,2000,157299718,139039810,296339528,"['Action', 'Adventure', 'Sci-Fi']",1 hr 44 min
Scary Movie,2000,157019771,121000000,278019771,['Comedy'],1 hr 28 min
Who Framed Roger Rabbit,1988,156452370,173351588,329803958,"['Adventure', 'Animation', 'Comedy', 'Crime', 'Family', 'Fantasy', 'Mystery']",1 hr 44 min
What Lies Beneath,2000,155464351,135956000,291420351,"['Drama', 'Horror', 'Mystery', 'Thriller']",2 hr 10 min
X-Men: Apocalypse,2016,155442489,388491616,543934105,"['Action', 'Adventure', 'Sci-Fi']",2 hr 24 min
The Mummy,1999,155385488,260547918,415933406,"['Action', 'Adventure', 'Fantasy']",2 hr 4 min
Snow White and the Huntsman,2012,155332381,241260448,396592829,"['Action', 'Adventure', 'Drama', 'Fantasy']",2 hr 7 min
San Andreas,2015,155190832,318818322,474009154,"['Action', 'Adventure', 'Thriller']",1 hr 54 min
Fast & Furious,2009,155064265,205302605,360366870,"['Action', 'Crime', 'Thriller']",1 hr 47 min
Over the Hedge,2006,155019340,184776550,339795890,"['Adventure', 'Animation', 'Comedy', 'Family']",1 hr 23 min
Fantastic Four,2005,154696080,178839854,333535934,"['Action', 'Adventure', 'Fantasy', 'Sci-Fi']",1 hr 46 min
Horton Hears a Who!,2008,154529439,144043360,298572799,"['Adventure', 'Animation', 'Comedy', 'Drama', 'Family', 'Fantasy', 'Music']",1 hr 26 min
Mad Max: Fury Road,2015,154058340,221600410,375658750,"['Action', 'Adventure', 'Sci-Fi', 'Thriller']",2 hr
Jerry Maguire,1996,153952592,119600000,273552592,"['Comedy', 'Drama', 'Romance', 'Sport']",2 hr 19 min
Trolls,2016,153707064,193157822,346864886,"['Adventure', 'Animation', 'Comedy', 'Family', 'Fantasy', 'Musical', 'Romance']",1 hr 32 min
Scooby-Doo,2002,153294164,122356539,275650703,"['Adventure', 'Comedy', 'Family', 'Fantasy', 'Mystery']",1 hr 29 min
Cars 3,2017,152901115,231029541,383930656,"['Adventure', 'Animation', 'Comedy', 'Family', 'Sport']",1 hr 42 min
Sex and the City,2008,152647258,266118261,418765519,"['Comedy', 'Drama', 'Romance']",2 hr 25 min
Runaway Bride,1999,152257509,157202783,309460292,"['Comedy', 'Romance']",1 hr 56 min
La La Land,2016,151101803,297805062,448906865,"['Comedy', 'Drama', 'Music', 'Musical', 'Romance']",2 hr 8 min
Divergent,2014,150947895,137937923,288885818,"['Action', 'Adventure', 'Mystery', 'Sci-Fi']",2 hr 19 min
We're the Millers,2013,150394119,119600000,269994119,"['Comedy', 'Crime']",1 hr 50 min
Terminator 3: Rise of the Machines,2003,150371112,283000000,433371112,"['Action', 'Sci-Fi']",1 hr 49 min
Daddy's Home,2015,150357137,92429000,242786137,"['Comedy', 'Family']",1 hr 36 min
G.I. Joe: The Rise of Cobra,2009,150201498,152267519,302469017,"['Action', 'Adventure', 'Sci-Fi', 'Thriller']",1 hr 58 min
Neighbors,2014,150157400,120507734,270665134,['Comedy'],1 hr 37 min
American Hustle,2013,150117807,101054000,251171807,"['Crime', 'Drama']",2 hr 18 min
Puss in Boots,2011,149260504,405726973,554987477,"['Adventure', 'Animation', 'Comedy', 'Family', 'Fantasy']",1 hr 30 min
Sonic the Hedgehog,2020,148974665,170741018,319715683,"['Action', 'Adventure', 'Comedy', 'Sci-Fi']",1 hr 39 min
Les Misérables,2012,148809770,293489539,442299309,"['Drama', 'Musical', 'Romance']",2 hr 38 min
Knocked Up,2007,148768917,71153500,219922417,"['Comedy', 'Romance']",2 hr 9 min
As Good as It Gets,1997,148478011,165700000,314178011,"['Comedy', 'Drama', 'Romance']",2 hr 19 min
Little Fockers,2010,148438600,162211985,310650585,"['Comedy', 'Romance']",1 hr 38 min
Megamind,2010,148415853,173469912,321885765,"['Action', 'Animation', 'Comedy', 'Crime', 'Family', 'Mystery', 'Sci-Fi', 'Thriller']",1 hr 35 min
Hotel Transylvania,2012,148313048,210062555,358375603,"['Animation', 'Comedy', 'Family', 'Fantasy', 'Horror']",1 hr 31 min
Talladega Nights: The Ballad of Ricky Bobby,2006,148213377,15148718,163362095,"['Comedy', 'Sport']",1 hr 48 min
Gran Torino,2008,148095302,121862926,269958228,['Drama'],1 hr 56 min
Lethal Weapon 2,1989,147253986,80600000,227853986,"['Action', 'Crime', 'Thriller']",1 hr 54 min
War for the Planet of the Apes,2017,146880162,343839601,490719763,"['Action', 'Adventure', 'Drama', 'Sci-Fi', 'Thriller']",2 hr 20 min
X-Men: First Class,2011,146408305,206208385,352616690,"['Action', 'Adventure', 'Sci-Fi']",2 hr 11 min
Paul Blart: Mall Cop,2009,146336178,37012251,183348429,"['Action', 'Comedy', 'Crime', 'Family']",1 hr 31 min
True Lies,1994,146282411,232600000,378882411,"['Action', 'Comedy', 'Thriller']",2 hr 21 min
Lilo & Stitch,2002,145794338,127349813,273144151,"['Adventure', 'Animation', 'Comedy', 'Drama', 'Family', 'Fantasy', 'Sci-Fi']",1 hr 25 min
The Santa Clause,1994,145539357,45000000,190539357,"['Comedy', 'Drama', 'Family', 'Fantasy']",1 hr 37 min
The Meg,2018,145443742,384994536,530438278,"['Action', 'Horror', 'Sci-Fi', 'Thriller']",1 hr 53 min
American Pie 2,2001,145103595,142450000,287553595,['Comedy'],1 hr 48 min
Taken,2008,145000989,81836771,226837760,"['Action', 'Crime', 'Thriller']",1 hr 30 min
The Great Gatsby,2013,144840419,208801855,353642274,"['Drama', 'Romance']",2 hr 23 min
"I, Robot",2004,144801023,208332875,353133898,"['Action', 'Mystery', 'Sci-Fi', 'Thriller']",1 hr 55 min
Lethal Weapon 3,1992,144731527,177000000,321731527,"['Action', 'Crime', 'Thriller']",1 hr 58 min
The Fast and the Furious,2001,144533925,62771584,207305509,"['Action', 'Crime', 'Thriller']",1 hr 46 min
Mamma Mia!,2008,144169664,467088155,611257819,"['Comedy', 'Musical', 'Romance']",1 hr 48 min
Doctor Dolittle,1998,144156605,150300000,294456605,"['Comedy', 'Family', 'Fantasy']",1 hr 25 min
Pokémon Detective Pikachu,2019,144105346,289409488,433514834,"['Action', 'Adventure', 'Comedy', 'Family', 'Mystery', 'Sci-Fi']",1 hr 44 min
Rio,2011,143619809,340246709,483866518,"['Adventure', 'Animation', 'Comedy', 'Family', 'Music', 'Musical']",1 hr 36 min
Kung Fu Panda 3,2016,143528619,377642206,521170825,"['Action', 'Adventure', 'Animation', 'Comedy', 'Family', 'Fantasy']",1 hr 35 min
Juno,2007,143495265,88877416,232372681,"['Comedy', 'Drama']",1 hr 36 min
Marley & Me,2008,143153751,112589342,255743093,"['Comedy', 'Drama', 'Family']",1 hr 51 min
The Smurfs,2011,142614158,421135165,563749323,"['Adventure', 'Animation', 'Comedy', 'Family', 'Fantasy']",1 hr 43 min
Once Upon a Time... In Hollywood,2019,142502728,232063026,374565754,"['Comedy', 'Drama']",2 hr 41 min
xXx,2002,142109382,135339000,277448382,"['Action', 'Adventure', 'Thriller']",2 hr 4 min
The Chronicles of Narnia: Prince Caspian,2008,141621490,278044078,419665568,"['Action', 'Adventure', 'Family', 'Fantasy']",2 hr 30 min
Pocahontas,1995,141579773,204500000,346079773,"['Adventure', 'Animation', 'Drama', 'Family', 'Musical', 'Romance']",1 hr 21 min
A Few Good Men,1992,141340178,101900000,243240178,"['Drama', 'Thriller']",2 hr 18 min
Slumdog Millionaire,2008,141319928,237090614,378410542,"['Drama', 'Romance']",2 hr
Rush Hour,1998,141186864,103534200,244721064,"['Action', 'Comedy', 'Crime', 'Thriller']",1 hr 38 min
The Blair Witch Project,1999,140539099,108100000,248639099,"['Horror', 'Mystery']",1 hr 21 min
Deep Impact,1998,140464664,209000000,349464664,"['Action', 'Drama', 'Sci-Fi', 'Thriller']",2 hr
Shazam!,2019,140371656,225600000,365971656,"['Action', 'Adventure', 'Comedy', 'Fantasy']",2 hr 12 min
Ocean's Eight,2018,140218711,157500000,297718711,"['Action', 'Comedy', 'Crime', 'Thriller']",1 hr 50 min
Rush Hour 3,2007,140125968,117971154,258097122,"['Action', 'Comedy', 'Crime', 'Thriller']",1 hr 31 min
Stuart Little,1999,140035367,160100000,300135367,"['Adventure', 'Comedy', 'Family', 'Fantasy']",1 hr 24 min
Taken 2,2012,139854287,236298168,376152455,"['Action', 'Crime', 'Thriller']",1 hr 32 min
Sister Act,1992,139605150,92000000,231605150,"['Comedy', 'Family', 'Music']",1 hr 40 min
The Matrix Revolutions,2003,139313948,288030377,427344325,"['Action', 'Sci-Fi']",2 hr 9 min
The Santa Clause 2,2002,139236327,33618738,172855065,"['Comedy', 'Family', 'Fantasy']",1 hr 44 min
The King's Speech,2010,138797449,288576868,427374317,"['Biography', 'Drama', 'History']",1 hr 58 min
Cheaper by the Dozen,2003,138614544,51924086,190538630,"['Comedy', 'Family']",1 hr 38 min
Bad Boys II,2003,138608444,134731112,273339556,"['Action', 'Comedy', 'Crime', 'Thriller']",2 hr 27 min
Platoon,1986,138530565,15067,138545632,"['Drama', 'War']",2 hr
21 Jump Street,2012,138447667,63137661,201585328,"['Action', 'Comedy', 'Crime']",1 hr 49 min
Good Will Hunting,1997,138433435,87500000,225933435,"['Drama', 'Romance']",2 hr 6 min
Split,2016,138291365,140163052,278454417,"['Horror', 'Thriller']",1 hr 57 min
A Christmas Carol,2009,137855863,187430783,325286646,"['Adventure', 'Animation', 'Comedy', 'Drama', 'Family', 'Fantasy']",1 hr 36 min
Dinosaur,2000,137748063,212074702,349822765,"['Adventure', 'Animation', 'Drama', 'Family', 'Fantasy']",1 hr 22 min
Ready Player One,2018,137690172,445203499,582893671,"['Action', 'Adventure', 'Sci-Fi']",2 hr 20 min
The Conjuring,2013,137400141,182890848,320290989,"['Horror', 'Mystery', 'Thriller']",1 hr 52 min
Click,2006,137355633,103329693,240685326,"['Comedy', 'Drama', 'Fantasy', 'Romance']",1 hr 47 min
The Green Mile,1999,136801374,150000000,286801374,"['Crime', 'Drama', 'Fantasy', 'Mystery']",3 hr 9 min
Ransom,1996,136492681,173000000,309492681,"['Action', 'Crime', 'Thriller']",2 hr 1 min
Godzilla,1998,136314294,242700000,379014294,"['Action', 'Sci-Fi', 'Thriller']",2 hr 19 min
Argo,2012,136025503,96300000,232325503,"['Biography', 'Drama', 'Thriller']",2 hr
Anger Management,2003,135645823,60100000,195745823,['Comedy'],1 hr 46 min
Chicken Little,2005,135386665,179046172,314432837,"['Adventure', 'Animation', 'Comedy', 'Family', 'Fantasy', 'Sci-Fi']",1 hr 21 min
Teenage Mutant Ninja Turtles,1990,135265915,66700000,201965915,"['Action', 'Adventure', 'Comedy', 'Family', 'Sci-Fi']",1 hr 33 min
Patch Adams,1998,135026902,67266000,202292902,"['Biography', 'Comedy', 'Drama', 'Romance']",1 hr 55 min
The Godfather,1972,134966411,111154575,246120986,"['Crime', 'Drama']",2 hr 55 min
Ride Along,2014,134938200,19530702,154468902,"['Action', 'Comedy', 'Crime']",1 hr 39 min
The Incredible Hulk,2008,134806913,129964083,264770996,"['Action', 'Adventure', 'Sci-Fi']",1 hr 52 min
Live Free or Die Hard,2007,134529403,253626608,388156011,"['Action', 'Thriller']",2 hr 8 min
Wanted,2008,134508551,207954512,342463063,"['Action', 'Crime', 'Thriller']",1 hr 50 min
Identity Thief,2013,134506920,39458090,173965010,"['Comedy', 'Crime', 'Drama']",1 hr 51 min
Superman,1978,134451603,166000000,300451603,"['Action', 'Adventure', 'Sci-Fi']",2 hr 23 min
The Rock,1996,134069511,200993110,335062621,"['Action', 'Adventure', 'Thriller']",2 hr 16 min
Mission: Impossible III,2006,134029801,264449696,398479497,"['Action', 'Adventure', 'Thriller']",2 hr 6 min
Grown Ups 2,2013,133668525,113315753,246984278,['Comedy'],1 hr 41 min
Troy,2004,133378256,364031596,497409852,"['Drama', 'History']",2 hr 43 min
Angels & Demons,2009,133375846,352554970,485930816,"['Action', 'Mystery', 'Thriller']",2 hr 18 min
Alvin and the Chipmunks: Chipwrecked,2011,133110742,209584693,342695435,"['Adventure', 'Animation', 'Comedy', 'Family', 'Fantasy', 'Music', 'Musical']",1 hr 27 min
Bringing Down the House,2003,132716677,32013002,164729679,['Comedy'],1 hr 45 min
The Wolverine,2013,132556852,282271394,414828246,"['Action', 'Sci-Fi']",2 hr 6 min
Wonder,2017,132422809,173786480,306209289,"['Drama', 'Family']",1 hr 53 min
The Departed,2006,132384315,159081058,291465373,"['Crime', 'Drama', 'Thriller']",2 hr 31 min
Hulk,2003,132177234,113107931,245285165,"['Action', 'Sci-Fi']",2 hr 18 min
Silver Linings Playbook,2012,132092958,104319495,236412453,"['Comedy', 'Drama', 'Romance']",2 hr 2 min
Minority Report,2002,132072926,226300000,358372926,"['Action', 'Crime', 'Mystery', 'Sci-Fi', 'Thriller']",2 hr 25 min
Fantastic 4: Rise of the Silver Surfer,2007,131921738,169991393,301913131,"['Action', 'Adventure', 'Fantasy', 'Sci-Fi']",1 hr 32 min
The Last Airbender,2010,131772187,187941694,319713881,"['Action', 'Adventure', 'Family', 'Fantasy']",1 hr 43 min
Rio 2,2014,131538435,367242682,498781117,"['Adventure', 'Animation', 'Comedy', 'Family', 'Music', 'Musical']",1 hr 41 min
Lara Croft: Tomb Raider,2001,131168070,143535270,274703340,"['Action', 'Adventure', 'Fantasy', 'Thriller']",1 hr 40 min
The Silence of the Lambs,1991,130742922,142000000,272742922,"['Crime', 'Drama', 'Horror', 'Thriller']",1 hr 58 min
The Flintstones,1994,130531208,211100000,341631208,"['Comedy', 'Family', 'Fantasy']",1 hr 31 min
Lethal Weapon 4,1998,130444603,155000000,285444603,"['Action', 'Crime', 'Thriller']",2 hr 7 min
Get Smart,2008,130319208,100366245,230685453,"['Action', 'Adventure', 'Comedy']",1 hr 50 min
The Divergent Series: Insurgent,2015,130179072,166823455,297002527,"['Action', 'Adventure', 'Sci-Fi', 'Thriller']",1 hr 59 min
The Peanuts Movie,2015,130178411,116054702,246233113,"['Adventure', 'Animation', 'Comedy', 'Drama', 'Family']",1 hr 28 min
Transformers: The Last Knight,2017,130168683,475256474,605425157,"['Action', 'Adventure', 'Sci-Fi']",2 hr 34 min
American Gangster,2007,130164645,139590785,269755430,"['Biography', 'Crime', 'Drama']",2 hr 37 min
American Beauty,1999,130096601,226200000,356296601,['Drama'],2 hr 2 min
The Ring,2002,129128133,120220800,249348933,"['Horror', 'Mystery']",1 hr 55 min
The Nutty Professor,1996,128814019,145147000,273961019,"['Comedy', 'Romance', 'Sci-Fi']",1 hr 35 min
Borat: Cultural Learnings of America for Make Benefit Glorious Nation of Kazakhstan,2006,128505958,134046935,262552893,['Comedy'],1 hr 24 min
Ghostbusters,2016,128350574,100796935,229147509,"['Action', 'Comedy', 'Fantasy', 'Sci-Fi']",1 hr 57 min
Kingsman: The Secret Service,2014,128261724,286089822,414351546,"['Action', 'Adventure', 'Comedy', 'Thriller']",2 hr 9 min
Robots,2005,128200012,134311478,262511490,"['Adventure', 'Animation', 'Comedy', 'Family', 'Romance', 'Sci-Fi']",1 hr 31 min
"Crouching Tiger, Hidden Dragon",2000,128078872,85446864,213525736,"['Action', 'Adventure', 'Drama', 'Fantasy', 'Romance']",2 hr
Shutter Island,2010,128012934,166792763,294805697,"['Mystery', 'Thriller']",2 hr 18 min
Into the Woods,2014,128002372,84900000,212902372,"['Adventure', 'Comedy', 'Drama', 'Fantasy', 'Musical']",2 hr 5 min
Rocky IV,1985,127873716,172600000,300473716,"['Drama', 'Sport']",1 hr 31 min
Enchanted,2007,127807262,212680574,340487836,"['Adventure', 'Animation', 'Comedy', 'Family', 'Fantasy', 'Musical', 'Romance']",1 hr 47 min
The Curious Case of Benjamin Button,2008,127509326,208293460,335802786,"['Drama', 'Fantasy', 'Romance']",2 hr 46 min
Central Intelligence,2016,127440871,89531672,216972543,"['Action', 'Comedy', 'Crime']",1 hr 47 min
Anchorman 2: The Legend Continues,2013,127352707,46297224,173649931,['Comedy'],1 hr 59 min
Sweet Home Alabama,2002,127223418,53399006,180622424,"['Comedy', 'Romance']",1 hr 48 min
Bumblebee,2018,127195589,340794056,467989645,"['Action', 'Adventure', 'Sci-Fi']",1 hr 54 min
Dumb and Dumber,1994,127175374,120100000,247275374,['Comedy'],1 hr 47 min
2 Fast 2 Furious,2003,127154901,109195760,236350661,"['Action', 'Crime', 'Thriller']",1 hr 47 min
My Best Friend's Wedding,1997,127120029,172168576,299288605,"['Comedy', 'Drama', 'Romance']",1 hr 45 min
Super 8,2011,127004179,133091807,260095986,"['Action', 'Mystery', 'Sci-Fi', 'Thriller']",1 hr 52 min
The World Is Not Enough,1999,126943684,234888716,361832400,"['Action', 'Adventure', 'Thriller']",2 hr 8 min
Sleepless in Seattle,1993,126808165,101119000,227927165,"['Comedy', 'Drama', 'Romance']",1 hr 45 min
Lucy,2014,126663600,332200000,458863600,"['Action', 'Sci-Fi', 'Thriller']",1 hr 29 min
The Legend of Tarzan,2016,126643061,230057296,356700357,"['Action', 'Adventure', 'Drama', 'Fantasy', 'Romance']",1 hr 50 min
Bee Movie,2007,126631277,166883059,293514336,"['Adventure', 'Animation', 'Comedy', 'Drama', 'Family']",1 hr 31 min
Prometheus,2012,126477084,276877385,403354469,"['Adventure', 'Mystery', 'Sci-Fi']",2 hr 4 min
Safe House,2012,126373434,81702771,208076205,"['Action', 'Thriller']",1 hr 55 min
Mr. Deeds,2002,126293452,44976083,171269535,"['Comedy', 'Romance']",1 hr 36 min
The Truman Show,1998,125618201,138500000,264118201,"['Comedy', 'Drama']",1 hr 43 min
Erin Brockovich,2000,125595205,130676081,256271286,"['Biography', 'Drama']",2 hr 11 min
Ocean's Twelve,2004,125544280,237200000,362744280,"['Crime', 'Thriller']",2 hr 5 min
Terminator Salvation,2009,125322469,246030532,371353001,"['Action', 'Sci-Fi']",1 hr 55 min
Charlie's Angels,2000,125305545,138800000,264105545,"['Action', 'Adventure', 'Comedy', 'Crime', 'Thriller']",1 hr 38 min
Tomorrow Never Dies,1997,125304276,207706792,333011068,"['Action', 'Adventure', 'Thriller']",1 hr 59 min
Ghostbusters: Afterlife,2021,125278330,66100000,191378330,"['Adventure', 'Comedy', 'Fantasy', 'Sci-Fi']",2 hr 4 min
Lone Survivor,2013,125095601,29707311,154802912,"['Action', 'Biography', 'Drama', 'War']",2 hr 1 min
Sully,2016,125070033,115727590,240797623,"['Biography', 'Drama']",1 hr 36 min
The Vow,2012,125014030,71100540,196114570,"['Drama', 'Romance']",1 hr 44 min
Life of Pi,2012,124987023,484029542,609016565,"['Adventure', 'Drama', 'Fantasy']",2 hr 7 min
The Fault in Our Stars,2014,124872350,182294484,307166834,"['Drama', 'Romance']",2 hr 6 min
Cloudy with a Chance of Meatballs,2009,124870275,118135851,243006126,"['Adventure', 'Animation', 'Comedy', 'Drama', 'Family', 'Fantasy', 'Sci-Fi']",1 hr 30 min
The Devil Wears Prada,2006,124740460,201965655,326706115,"['Comedy', 'Drama']",1 hr 49 min
Something's Gotta Give,2003,124728738,140600000,265328738,"['Comedy', 'Drama', 'Romance']",2 hr 8 min
Traffic,2000,124115725,83400000,207515725,"['Crime', 'Drama', 'Thriller']",2 hr 27 min
The Birdcage,1996,124060553,61200000,185260553,['Comedy'],1 hr 57 min
City Slickers,1991,124033791,55000000,179033791,"['Comedy', 'Western']",1 hr 53 min
Rango,2011,123477607,122246996,245724603,"['Action', 'Adventure', 'Animation', 'Comedy', 'Family', 'Western']",1 hr 47 min
Nutty Professor II: The Klumps,2000,123309890,43030000,166339890,"['Comedy', 'Romance', 'Sci-Fi']",1 hr 46 min
The Good Dinosaur,2015,123087120,209120551,332207671,"['Adventure', 'Animation', 'Comedy', 'Drama', 'Family']",1 hr 33 min
G.I. Joe: Retaliation,2013,122523060,253217645,375740705,"['Action', 'Adventure', 'Sci-Fi', 'Thriller']",1 hr 50 min
Clear and Present Danger,1994,122187717,93700000,215887717,"['Action', 'Crime', 'Drama', 'Thriller']",2 hr 21 min
The Hunt for Red October,1990,122012643,78500000,200512643,"['Action', 'Adventure', 'Thriller']",2 hr 15 min
The Bodyguard,1992,122006740,289000000,411006740,"['Action', 'Drama', 'Music', 'Romance', 'Thriller']",2 hr 9 min
Wayne's World,1992,121697323,61400000,183097323,"['Comedy', 'Music']",1 hr 34 min
The Bourne Identity,2002,121661683,92372541,214034224,"['Action', 'Mystery', 'Thriller']",1 hr 59 min
Free Guy,2021,121626598,209877159,331503757,"['Action', 'Adventure', 'Comedy', 'Fantasy', 'Sci-Fi']",1 hr 55 min
Superbad,2007,121463226,49349300,170812526,['Comedy'],1 hr 53 min
Speed,1994,121248145,229200000,350448145,"['Action', 'Adventure', 'Thriller']",1 hr 56 min
50 First Dates,2004,120908074,77612860,198520934,"['Comedy', 'Drama', 'Romance']",1 hr 39 min
Mamma Mia! Here We Go Again,2018,120634935,281619449,402254384,"['Comedy', 'Musical', 'Romance']",1 hr 54 min
Inglourious Basterds,2009,120540719,200917028,321457747,"['Adventure', 'Drama', 'War']",2 hr 33 min
Seabiscuit,2003,120277854,28058591,148336445,"['Drama', 'History', 'Sport']",2 hr 20 min
Van Helsing,2004,120177084,179980554,300157638,"['Action', 'Adventure', 'Fantasy', 'Thriller']",2 hr 11 min
Four Christmases,2008,120146040,43966681,164112721,"['Comedy', 'Drama', 'Romance']",1 hr 28 min
I Now Pronounce You Chuck & Larry,2007,120059556,67074561,187134117,"['Comedy', 'Romance']",1 hr 55 min
The Mask,1994,119938730,231644677,351583407,"['Action', 'Comedy', 'Crime', 'Fantasy']",1 hr 41 min
Cloudy with a Chance of Meatballs 2,2013,119793567,154532382,274325949,"['Adventure', 'Animation', 'Comedy', 'Drama', 'Family', 'Fantasy', 'Sci-Fi']",1 hr 35 min
Hook,1991,119654823,181200000,300854823,"['Adventure', 'Comedy', 'Family', 'Fantasy']",2 hr 22 min
Walk the Line,2005,119519402,67278584,186797986,"['Biography', 'Drama', 'Music', 'Romance']",2 hr 16 min
G-Force,2009,119436770,173381128,292817898,"['Action', 'Adventure', 'Animation', 'Comedy', 'Family', 'Fantasy', 'Sci-Fi']",1 hr 28 min
Total Recall,1990,119412921,141905000,261317921,"['Action', 'Adventure', 'Sci-Fi']",1 hr 53 min
The Other Guys,2010,119219978,51238944,170458922,"['Action', 'Comedy', 'Crime']",1 hr 47 min
Fahrenheit 9/11,2004,119194771,103252111,222446882,"['Documentary', 'Drama', 'War']",2 hr 2 min
Back to the Future Part II,1989,119000002,213500000,332500002,"['Adventure', 'Comedy', 'Sci-Fi']",1 hr 48 min
The Sum of All Fears,2002,118907036,75014336,193921372,"['Action', 'Drama', 'Thriller', 'War']",2 hr 4 min
Hairspray,2007,118871849,84681462,203553311,"['Comedy', 'Drama', 'Musical', 'Romance']",1 hr 57 min
The Break-Up,2006,118703275,86964935,205668210,"['Comedy', 'Drama', 'Romance']",1 hr 46 min
A Series of Unfortunate Events,2004,118634549,92833686,211468235,"['Adventure', 'Comedy', 'Family', 'Fantasy']",1 hr 48 min
Blades of Glory,2007,118594548,27115799,145710347,"['Comedy', 'Sport']",1 hr 33 min
Salt,2010,118311368,175191986,293503354,"['Action', 'Thriller']",1 hr 40 min
Basic Instinct,1992,117727224,235200000,352927224,"['Drama', 'Mystery', 'Thriller']",2 hr 7 min
Now You See Me,2013,117723989,234000000,351723989,"['Crime', 'Mystery', 'Thriller']",1 hr 55 min
Ford v Ferrari,2019,117624357,107883853,225508210,"['Action', 'Biography', 'Drama', 'Sport']",2 hr 32 min
Big Momma's House,2000,117559438,56400000,173959438,"['Action', 'Comedy', 'Crime']",1 hr 39 min
Die Hard 2,1990,117540947,122490327,240031274,"['Action', 'Thriller']",2 hr 4 min
Horrible Bosses,2011,117538559,92300000,209838559,"['Comedy', 'Crime']",1 hr 38 min
The Nun,2018,117450119,248101575,365551694,"['Horror', 'Mystery', 'Thriller']",1 hr 36 min
Jackass 3D,2010,117229692,54456100,171685792,"['Action', 'Comedy', 'Documentary']",1 hr 35 min
Ocean's Thirteen,2007,117154724,194157900,311312624,"['Crime', 'Thriller']",2 hr 2 min
Jungle Cruise,2021,116987516,103901930,220889446,"['Action', 'Adventure', 'Comedy', 'Fantasy']",2 hr 7 min
S.W.A.T.,2003,116934650,90790989,207725639,"['Action', 'Adventure', 'Crime', 'Thriller']",1 hr 57 min
The Wolf of Wall Street,2013,116900694,275100000,392000694,"['Biography', 'Comedy', 'Crime', 'Drama']",3 hr
8 Mile,2002,116750901,126124177,242875078,"['Drama', 'Music']",1 hr 50 min
Double Jeopardy,1999,116741558,61100000,177841558,"['Crime', 'Drama', 'Mystery', 'Thriller']",1 hr 45 min
Lee Daniels' The Butler,2013,116632095,60681700,177313795,"['Biography', 'Drama']",2 hr 12 min
Green Lantern,2011,116601172,103250000,219851172,"['Action', 'Adventure', 'Sci-Fi']",1 hr 54 min
Notting Hill,1999,116089678,247800000,363889678,"['Comedy', 'Drama', 'Romance']",2 hr 4 min
You've Got Mail,1998,115821495,135000000,250821495,"['Comedy', 'Drama', 'Romance']",1 hr 59 min
Ghost Rider,2007,115802596,112935797,228738393,"['Action', 'Fantasy', 'Thriller']",1 hr 50 min
Remember the Titans,2000,115719751,21051932,136771683,"['Biography', 'Drama', 'Sport']",1 hr 53 min
Creed II,2018,115715889,98500000,214215889,"['Drama', 'Sport']",2 hr 10 min
District 9,2009,115646235,95242715,210888950,"['Action', 'Sci-Fi', 'Thriller']",1 hr 52 min
Unbroken,2014,115637895,45821402,161459297,"['Action', 'Biography', 'Drama', 'Sport', 'War']",2 hr 17 min
Peter Rabbit,2018,115253424,236242642,351496066,"['Adventure', 'Animation', 'Comedy', 'Crime', 'Drama', 'Family', 'Fantasy']",1 hr 35 min
Girls Trip,2017,115171585,25380774,140552359,"['Adventure', 'Comedy', 'Drama']",2 hr 2 min
Dumbo,2019,114766307,238518314,353284621,"['Adventure', 'Family', 'Fantasy']",1 hr 52 min
Fifty Shades Darker,2017,114581250,266964596,381545846,"['Drama', 'Romance']",1 hr 58 min
Dodgeball: A True Underdog Story,2004,114326736,54096491,168423227,"['Comedy', 'Sport']",1 hr 32 min
The Village,2004,114197520,142500000,256697520,"['Drama', 'Mystery', 'Thriller']",1 hr 48 min
Bolt,2008,114053579,195926415,309979994,"['Adventure', 'Animation', 'Comedy', 'Crime', 'Drama', 'Family', 'Sci-Fi']",1 hr 36 min
Maleficent: Mistress of Evil,2019,113929605,377800484,491730089,"['Adventure', 'Family', 'Fantasy']",1 hr 59 min
Wild Wild West,1999,113804681,108300000,222104681,"['Action', 'Comedy', 'Sci-Fi', 'Western']",1 hr 46 min
Night at the Museum: Secret of the Tomb,2014,113746621,249458014,363204635,"['Adventure', 'Comedy', 'Family', 'Fantasy']",1 hr 38 min
Magic Mike,2012,113721571,54018390,167739961,"['Comedy', 'Drama']",1 hr 50 min
The Addams Family,1991,113502426,78000000,191502426,"['Comedy', 'Fantasy']",1 hr 39 min
The Patriot,2000,113330342,101964000,215294342,"['Action', 'Drama', 'History', 'War']",2 hr 45 min
Bad Moms,2016,113257297,70678777,183936074,['Comedy'],1 hr 40 min
The Bourne Legacy,2012,113203870,162940880,276144750,"['Action', 'Adventure', 'Thriller']",2 hr 15 min
The Pacifier,2005,113086868,85550000,198636868,"['Action', 'Comedy', 'Drama', 'Family']",1 hr 35 min
Dr. Dolittle 2,2001,112952899,63151445,176104344,"['Comedy', 'Family', 'Fantasy']",1 hr 27 min
It's Complicated,2009,112735375,106368280,219103655,"['Comedy', 'Drama', 'Romance']",2 hr 1 min
Spy Kids,2001,112719001,35215179,147934180,"['Action', 'Adventure', 'Comedy', 'Family', 'Sci-Fi']",1 hr 28 min
Face/Off,1997,112276146,133400000,245676146,"['Action', 'Crime', 'Sci-Fi', 'Thriller']",2 hr 18 min
The Hangover Part III,2013,112200072,249800000,362000072,"['Comedy', 'Crime']",1 hr 40 min
Twins,1988,111938388,104676000,216614388,"['Comedy', 'Crime']",1 hr 47 min
Spy Kids 3-D: Game Over,2003,111761982,85339696,197101678,"['Action', 'Adventure', 'Comedy', 'Family', 'Sci-Fi']",1 hr 24 min
Enemy of the State,1998,111549836,139299953,250849789,"['Action', 'Thriller']",2 hr 12 min
Mr. Peabody & Sherman,2014,111506430,164191609,275698039,"['Adventure', 'Animation', 'Comedy', 'Family', 'Fantasy', 'History', 'Sci-Fi']",1 hr 32 min
The Last Samurai,2003,111127263,343500000,454627263,"['Action', 'Drama']",2 hr 34 min
Glass,2019,111048468,135950571,246999039,"['Drama', 'Sci-Fi', 'Thriller']",2 hr 9 min
Spy,2015,110825712,124840507,235666219,"['Action', 'Comedy']",2 hr
Sing 2,2021,110540715,82129000,192669715,"['Adventure', 'Animation', 'Comedy', 'Family', 'Music', 'Musical']",1 hr 50 min
Tropic Thunder,2008,110515313,85187650,195702963,"['Action', 'Comedy', 'War']",1 hr 47 min
Godzilla: King of the Monsters,2019,110500138,276100000,386600138,"['Action', 'Adventure', 'Fantasy', 'Sci-Fi']",2 hr 12 min
Valentine's Day,2010,110485654,106000000,216485654,"['Comedy', 'Romance']",2 hr 5 min
The Grudge,2004,110359362,76921753,187281115,"['Horror', 'Mystery', 'Thriller']",1 hr 31 min
Fun with Dick and Jane,2005,110332737,94349162,204681899,"['Comedy', 'Crime']",1 hr 30 min
Freaky Friday,2003,110230332,50616000,160846332,"['Comedy', 'Family', 'Fantasy', 'Music', 'Romance']",1 hr 37 min
Trainwreck,2015,110212700,30583093,140795793,"['Comedy', 'Drama', 'Romance']",2 hr 5 min
Bedtime Stories,2008,110101975,102772889,212874864,"['Adventure', 'Comedy', 'Family', 'Fantasy', 'Romance', 'Sci-Fi']",1 hr 39 min
Scary Movie 3,2003,110003217,110670000,220673217,['Comedy'],1 hr 24 min
Creed,2015,109767581,63800000,173567581,"['Action', 'Drama', 'Sport']",2 hr 13 min
Star Trek IV: The Voyage Home,1986,109713132,109713132,109713132,"['Action', 'Adventure', 'Comedy', 'Sci-Fi']",1 hr 59 min
The 40-Year-Old Virgin,2005,109449237,67929408,177378645,"['Comedy', 'Romance']",1 hr 56 min
Couples Retreat,2009,109204945,62639895,171844840,['Comedy'],1 hr 53 min
A Time to Kill,1996,108766007,43500000,152266007,"['Crime', 'Drama', 'Thriller']",2 hr 29 min
Black Hawk Down,2001,108638745,64350906,172989651,"['Action', 'Drama', 'History', 'War']",2 hr 24 min
Terms of Endearment,1983,108423489,260,108423749,"['Comedy', 'Drama']",2 hr 12 min
Ace Ventura: When Nature Calls,1995,108385533,104000000,212385533,"['Adventure', 'Comedy', 'Crime']",1 hr 30 min
The Upside,2017,108252517,17603663,125856180,"['Comedy', 'Drama']",2 hr 6 min
The Princess Diaries,2001,108248956,57086197,165335153,"['Comedy', 'Family', 'Romance']",1 hr 55 min
Superman II,1980,108185706,108185706,108185706,"['Action', 'Adventure', 'Sci-Fi']",2 hr 7 min
Little Women,2019,108101214,108500000,216601214,"['Drama', 'Romance']",2 hr 15 min
Hop,2011,108085305,75868840,183954145,"['Adventure', 'Animation', 'Comedy', 'Family', 'Fantasy']",1 hr 35 min
Pulp Fiction,1994,107928762,106000000,213928762,"['Crime', 'Drama']",2 hr 34 min
Paranormal Activity,2007,107918810,85436990,193355800,"['Horror', 'Mystery']",1 hr 26 min
Baby Driver,2017,107825862,119119225,226945087,"['Action', 'Crime', 'Drama', 'Music', 'Thriller']",1 hr 53 min
A League of Their Own,1992,107533928,24906141,132440069,"['Comedy', 'Drama', 'Sport']",2 hr 8 min
Epic,2013,107518682,160907952,268426634,"['Action', 'Adventure', 'Animation', 'Family', 'Fantasy', 'Mystery']",1 hr 42 min
Watchmen,2009,107509799,77873014,185382813,"['Action', 'Drama', 'Mystery', 'Sci-Fi']",2 hr 42 min
The Angry Birds Movie,2016,107509366,244824563,352333929,"['Action', 'Adventure', 'Animation', 'Comedy', 'Family']",1 hr 37 min
Batman & Robin,1997,107353792,130881927,238235719,"['Action', 'Sci-Fi']",2 hr 5 min
Dune,2021,107344390,289700000,397044390,"['Action', 'Adventure', 'Drama', 'Sci-Fi']",2 hr 35 min
Captain Phillips,2013,107100855,111690956,218791811,"['Action', 'Biography', 'Crime', 'Drama', 'Thriller']",2 hr 14 min
Black Swan,2010,106954678,222443368,329398046,"['Drama', 'Thriller']",1 hr 48 min
Analyze This,1999,106885658,70000000,176885658,"['Comedy', 'Crime']",1 hr 43 min
Chicken Run,2000,106834564,118000000,224834564,"['Adventure', 'Animation', 'Comedy', 'Drama', 'Family']",1 hr 24 min
Miss Congeniality,2000,106807667,105935053,212742720,"['Action', 'Comedy', 'Crime', 'Romance']",1 hr 49 min
Indecent Proposal,1993,106614059,160000000,266614059,"['Drama', 'Romance']",1 hr 57 min
300: Rise of an Empire,2014,106580051,231000000,337580051,"['Action', 'Drama']",1 hr 42 min
GoldenEye,1995,106429941,245764093,352194034,"['Action', 'Adventure', 'Thriller']",2 hr 10 min
The Italian Job,2003,106128601,69941570,176070171,"['Action', 'Crime', 'Thriller']",1 hr 51 min
How to Lose a Guy in 10 Days,2003,105813373,71689014,177502387,"['Comedy', 'Romance']",1 hr 56 min
The Lego Movie 2: The Second Part,2019,105806508,86500000,192306508,"['Adventure', 'Animation', 'Comedy', 'Family', 'Fantasy', 'Sci-Fi']",1 hr 47 min
The First Wives Club,1996,105489203,76000000,181489203,['Comedy'],1 hr 43 min
Robin Hood,2010,105269730,216400011,321669741,"['Action', 'Adventure', 'Drama', 'History']",2 hr 20 min
Interview with the Vampire: The Vampire Chronicles,1994,105264608,118400000,223664608,"['Drama', 'Fantasy', 'Horror']",2 hr 3 min
George of the Jungle,1997,105263257,69200000,174463257,"['Action', 'Adventure', 'Comedy', 'Family', 'Romance']",1 hr 32 min
Hustlers,2019,104963598,52600000,157563598,"['Comedy', 'Crime', 'Drama']",1 hr 50 min
Pitch Perfect 3,2017,104897530,80502815,185400345,"['Comedy', 'Music']",1 hr 33 min
Phenomenon,1996,104636382,47400000,152036382,"['Drama', 'Fantasy', 'Romance', 'Sci-Fi']",2 hr 3 min
American Wedding,2003,104565114,128157821,232722935,['Comedy'],1 hr 36 min
Road to Perdition,2002,104454762,76546716,181001478,"['Crime', 'Drama', 'Thriller']",1 hr 57 min
The Princess and the Frog,2009,104400899,162644866,267045765,"['Adventure', 'Animation', 'Comedy', 'Family', 'Fantasy', 'Musical', 'Romance']",1 hr 37 min
The Chronicles of Narnia: The Voyage of the Dawn Treader,2010,104386950,311299267,415686217,"['Adventure', 'Family', 'Fantasy']",1 hr 53 min
Daddy Day Care,2003,104297061,60136806,164433867,"['Comedy', 'Family']",1 hr 32 min
Daddy's Home 2,2017,104029443,76584381,180613824,['Comedy'],1 hr 40 min
Paranormal Activity 3,2011,104028807,103011037,207039844,"['Horror', 'Mystery']",1 hr 23 min
Journey 2: The Mysterious Island,2012,103860290,231400000,335260290,"['Action', 'Adventure', 'Comedy', 'Family', 'Fantasy', 'Sci-Fi']",1 hr 34 min
The Mule,2018,103804407,71000000,174804407,"['Crime', 'Drama', 'Thriller']",1 hr 56 min
Dick Tracy,1990,103738726,59000000,162738726,"['Action', 'Comedy', 'Crime', 'Music', 'Romance', 'Thriller']",1 hr 45 min
Rise of the Guardians,2012,103412758,203528912,306941670,"['Action', 'Adventure', 'Animation', 'Comedy', 'Drama', 'Family', 'Fantasy']",1 hr 37 min
Dreamgirls,2006,103365956,52064379,155430335,"['Drama', 'Music', 'Musical']",2 hr 10 min
Independence Day: Resurgence,2016,103144286,286537649,389681935,"['Action', 'Adventure', 'Sci-Fi']",2 hr
The Expendables,2010,103068524,171401870,274470394,"['Action', 'Adventure', 'Thriller']",1 hr 43 min
Scream,1996,103046663,70000000,173046663,"['Horror', 'Mystery']",1 hr 51 min
Just Go with It,2011,103028109,111917482,214945591,"['Comedy', 'Romance']",1 hr 57 min
Murder on the Orient Express,2017,102826543,249967538,352794081,"['Crime', 'Drama', 'Mystery']",1 hr 54 min
The General's Daughter,1999,102705852,47000000,149705852,"['Crime', 'Drama', 'Mystery', 'Thriller']",1 hr 56 min
The Aviator,2004,102610330,111109612,213719942,"['Biography', 'Drama']",2 hr 50 min
American Pie,1999,102561004,132922000,235483004,['Comedy'],1 hr 35 min
Daredevil,2003,102543518,76636200,179179718,"['Action', 'Crime']",1 hr 43 min
The Girl with the Dragon Tattoo,2011,102515793,130101637,232617430,"['Crime', 'Drama', 'Mystery', 'Thriller']",2 hr 38 min
The Mummy: Tomb of the Dragon Emperor,2008,102491776,300958054,403449830,"['Action', 'Fantasy', 'Horror', 'War']",1 hr 52 min
The Conjuring 2,2016,102470008,219318211,321788219,"['Horror', 'Mystery', 'Thriller']",2 hr 14 min
The Maze Runner,2014,102427862,245891999,348319861,"['Action', 'Mystery', 'Sci-Fi', 'Thriller']",1 hr 53 min
In the Line of Fire,1993,102314823,74682345,176997168,"['Action', 'Crime', 'Drama', 'Thriller']",2 hr 8 min
Annabelle: Creation,2017,102092201,204423683,306515884,"['Horror', 'Mystery', 'Thriller']",1 hr 49 min
The Equalizer 2,2018,102084362,88315795,190400157,"['Action', 'Crime', 'Thriller']",2 hr 1 min
Bad Grandpa,2013,102003019,49823528,151826547,['Comedy'],1 hr 32 min
Pacific Rim,2013,101802906,309200000,411002906,"['Action', 'Adventure', 'Sci-Fi']",2 hr 11 min
Journey to the Center of the Earth,2008,101704370,142528318,244232688,"['Action', 'Adventure', 'Family', 'Fantasy', 'Sci-Fi']",1 hr 33 min
Gone in 60 Seconds,2000,101648571,135553728,237202299,"['Action', 'Crime', 'Thriller']",1 hr 58 min
Maverick,1994,101631272,81400000,183031272,"['Action', 'Adventure', 'Comedy', 'Thriller', 'Western']",2 hr 7 min
Sleeping with the Enemy,1991,101599005,73400000,174999005,"['Drama', 'Thriller']",1 hr 39 min
The Equalizer,2014,101530738,90800000,192330738,"['Action', 'Crime', 'Thriller']",2 hr 12 min
This Is the End,2013,101470202,24571120,126041322,['Comedy'],1 hr 47 min
Eagle Eye,2008,101440743,77326640,178767383,"['Action', 'Mystery', 'Thriller']",1 hr 58 min
The Prince of Egypt,1998,101413188,117200000,218613188,"['Adventure', 'Animation', 'Drama', 'Family', 'Fantasy', 'Musical']",1 hr 39 min
Scream 2,1997,101363301,71000000,172363301,"['Horror', 'Mystery']",2 hr
Eraser,1996,101295562,141000000,242295562,"['Action', 'Crime', 'Thriller']",1 hr 55 min
Noah,2014,101200044,258000000,359200044,"['Action', 'Adventure', 'Drama']",2 hr 18 min
Unforgiven,1992,101157447,58000000,159157447,"['Drama', 'Western']",2 hr 10 min
The Cat in the Hat,2003,101149285,32811256,133960541,"['Adventure', 'Comedy', 'Family', 'Fantasy']",1 hr 22 min
Con Air,1997,101117573,122894661,224012234,"['Action', 'Crime', 'Thriller']",1 hr 55 min
Sleepy Hollow,1999,101071502,105000000,206071502,"['Fantasy', 'Horror', 'Mystery']",1 hr 45 min
Rampage,2018,101028233,327000000,428028233,"['Action', 'Adventure', 'Sci-Fi']",1 hr 47 min
Collateral,2004,101005703,119234222,220239925,"['Action', 'Crime', 'Drama', 'Thriller']",2 hr
Contact,1997,100920329,70200000,171120329,"['Drama', 'Mystery', 'Sci-Fi', 'Thriller']",2 hr 30 min
Charlie's Angels: Full Throttle,2003,100830111,158345677,259175788,"['Action', 'Adventure', 'Comedy', 'Crime']",1 hr 46 min
The Pelican Brief,1993,100768056,94500000,195268056,"['Crime', 'Drama', 'Mystery', 'Thriller']",2 hr 21 min
The Addams Family,2019,100723831,103060014,203783845,"['Animation', 'Comedy', 'Family', 'Fantasy', 'Horror']",1 hr 26 min
Vanilla Sky,2001,100618344,102769997,203388341,"['Fantasy', 'Mystery', 'Romance', 'Sci-Fi', 'Thriller']",2 hr 16 min
Godzilla vs. Kong,2021,100563133,367300000,467863133,"['Action', 'Sci-Fi', 'Thriller']",1 hr 53 min
Arrival,2016,100546139,102842047,203388186,"['Drama', 'Sci-Fi']",1 hr 56 min
Due Date,2010,100539043,111241781,211780824,"['Comedy', 'Drama']",1 hr 35 min
Jumanji,1995,100499940,162322000,262821940,"['Adventure', 'Comedy', 'Family', 'Fantasy']",1 hr 44 min
The Rugrats Movie,1998,100494675,40400000,140894675,"['Adventure', 'Animation', 'Comedy', 'Drama', 'Family', 'Musical']",1 hr 19 min
Million Dollar Baby,2004,100492203,116271443,216763646,"['Drama', 'Sport']",2 hr 12 min
A Wrinkle in Time,2018,100478608,32197256,132675864,"['Adventure', 'Family', 'Fantasy', 'Sci-Fi']",1 hr 49 min
Step Brothers,2008,100468793,27639418,128108211,['Comedy'],1 hr 38 min
Evan Almighty,2007,100462298,73978426,174440724,"['Comedy', 'Family', 'Fantasy']",1 hr 36 min
Fifty Shades Freed,2018,100407760,271580078,371987838,"['Drama', 'Romance', 'Thriller']",1 hr 45 min
Casper,1995,100328194,187600000,287928194,"['Comedy', 'Family', 'Fantasy']",1 hr 40 min
Shakespeare in Love,1998,100317794,189000000,289317794,"['Comedy', 'Drama', 'History', 'Romance']",2 hr 3 min
Bad Teacher,2011,100292856,115904636,216197492,"['Comedy', 'Romance']",1 hr 32 min
Yogi Bear,2010,100246011,103263363,203509374,"['Adventure', 'Animation', 'Comedy', 'Family']",1 hr 21 min
Cowboys & Aliens,2011,100240551,74581774,174822325,"['Action', 'Sci-Fi', 'Thriller', 'Western']",1 hr 59 min
Kingsman: The Golden Circle,2017,100234838,310667824,410902662,"['Action', 'Adventure', 'Comedy', 'Crime', 'Thriller']",2 hr 21 min
Edge of Tomorrow,2014,100206256,270335000,370541256,"['Action', 'Adventure', 'Sci-Fi']",1 hr 53 min
The Hunchback of Notre Dame,1996,100138851,225200000,325338851,"['Animation', 'Drama', 'Family', 'Musical', 'Romance']",1 hr 31 min
Se7en,1995,100125643,227207916,327333559,"['Crime', 'Drama', 'Mystery', 'Thriller']",2 hr 7 min
You Don't Mess with the Zohan,2008,100018837,104294563,204313400,['Comedy'],1 hr 53 min
Passengers,2016,100014699,203129453,303144152,"['Drama', 'Romance', 'Sci-Fi', 'Thriller']",1 hr 56 min
Die Hard with a Vengeance,1995,100012499,266089167,366101666,"['Action', 'Adventure', 'Thriller']",2 hr 8 min
Christopher Robin,2018,99215042,98529335,197744377,"['Adventure', 'Animation', 'Comedy', 'Drama', 'Family', 'Fantasy']",1 hr 44 min
Hercules,1997,99112101,153600000,252712101,"['Adventure', 'Animation', 'Comedy', 'Family', 'Fantasy', 'Musical', 'Romance']",1 hr 33 min
Olympus Has Fallen,2013,98925640,71344561,170270201,"['Action', 'Thriller']",1 hr 59 min
The Green Hornet,2011,98780042,129037206,227817248,"['Action', 'Comedy', 'Crime']",1 hr 59 min
Date Night,2010,98711404,53552476,152263880,"['Comedy', 'Crime', 'Romance', 'Thriller']",1 hr 28 min
Meet the Robinsons,2007,97822171,71510863,169333034,"['Adventure', 'Animation', 'Comedy', 'Drama', 'Family', 'Fantasy', 'Sci-Fi']",1 hr 35 min
Yes Man,2008,97690976,125550661,223241637,"['Comedy', 'Romance']",1 hr 44 min
Sausage Party,2016,97685686,43019636,140705322,"['Adventure', 'Animation', 'Comedy', 'Fantasy']",1 hr 29 min
Inspector Gadget,1999,97403112,37000000,134403112,"['Action', 'Adventure', 'Comedy', 'Crime', 'Family', 'Sci-Fi']",1 hr 18 min
Public Enemies,2009,97104620,117000000,214104620,"['Action', 'Biography', 'Crime', 'Drama', 'History']",2 hr 20 min
The Social Network,2010,96962694,127957681,224920375,"['Biography', 'Drama']",2 hr
Schindler's List,1993,96898818,225262427,322161245,"['Biography', 'Drama', 'History']",3 hr 15 min
Downton Abbey,2019,96854135,96941361,237860050,"['Drama', 'Romance']",2 hr 2 min
The Others,2001,96522687,113424350,209947037,"['Horror', 'Mystery', 'Thriller']",1 hr 41 min
Legally Blonde,2001,96520674,45254005,141774679,"['Comedy', 'Romance']",1 hr 36 min
Panic Room,2002,96397334,100682212,197079546,"['Crime', 'Drama', 'Thriller']",1 hr 52 min
Rocketman,2019,96368160,98952240,195320400,"['Biography', 'Drama', 'Musical']",2 hr 1 min
Zero Dark Thirty,2012,95720716,37100000,132820716,"['Drama', 'History', 'Thriller', 'War']",2 hr 37 min
Norbit,2007,95673607,64140883,159814490,"['Comedy', 'Romance']",1 hr 43 min
Cold Mountain,2003,95636509,77377000,173013509,"['Adventure', 'Drama', 'History', 'Romance', 'War']",2 hr 34 min
Sex and the City 2,2010,95347692,195397363,290745055,"['Comedy', 'Drama', 'Romance']",2 hr 26 min
Michael,1996,95318203,24400000,119718203,"['Comedy', 'Drama', 'Fantasy']",1 hr 45 min
The Princess Diaries 2: Royal Engagement,2004,95170481,39564000,134734481,"['Comedy', 'Family', 'Romance']",1 hr 53 min
42,2013,95020213,2450488,97470701,"['Biography', 'Drama', 'Sport']",2 hr 8 min
Unbreakable,2000,95011339,153106782,248118121,"['Drama', 'Mystery', 'Sci-Fi', 'Thriller']",1 hr 46 min
The Book of Eli,2010,94835059,62272696,157107755,"['Action', 'Adventure', 'Drama', 'Thriller']",1 hr 58 min
"10,000 BC",2008,94784201,175000000,269784201,"['Action', 'Adventure', 'Drama', 'Fantasy', 'History']",1 hr 49 min
Beverly Hills Chihuahua,2008,94514402,54778086,149292488,"['Adventure', 'Comedy', 'Drama', 'Family', 'Romance']",1 hr 31 min
Saturday Night Fever,1977,94213184,142900000,237113184,"['Drama', 'Music']",1 hr 58 min
Julie & Julia,2009,94125426,35415096,129540522,"['Biography', 'Drama', 'Romance']",2 hr 3 min
The Mask of Zorro,1998,94095523,156193000,250288523,"['Action', 'Adventure', 'Comedy', 'Romance', 'Thriller', 'Western']",2 hr 16 min
Maid in Manhattan,2002,94011225,60895468,154906693,"['Comedy', 'Drama', 'Romance']",1 hr 45 min
He's Just Not That Into You,2009,93953653,84912505,178866158,"['Comedy', 'Drama', 'Romance']",2 hr 9 min
Master and Commander: The Far Side of the World,2003,93927920,117694615,211622535,"['Action', 'Adventure', 'Drama', 'War']",2 hr 18 min
Flight,2012,93772375,68000000,161772375,"['Drama', 'Thriller']",2 hr 18 min
The Fighter,2010,93617009,35573860,129190869,"['Action', 'Biography', 'Drama', 'Sport']",1 hr 56 min
America's Sweethearts,2001,93607673,44700000,138307673,"['Comedy', 'Romance']",1 hr 42 min
Lady and the Tramp,1955,93602326,331068,93933394,"['Adventure', 'Animation', 'Comedy', 'Family', 'Musical', 'Romance']",1 hr 16 min
The Bucket List,2007,93466502,81906000,175372502,"['Adventure', 'Comedy', 'Drama']",1 hr 37 min
Tomorrowland,2015,93436322,115599346,209035668,"['Action', 'Adventure', 'Family', 'Fantasy', 'Mystery', 'Sci-Fi']",2 hr 10 min
The Magnificent Seven,2016,93432655,68927981,162360636,"['Action', 'Adventure', 'Western']",2 hr 12 min
Cats & Dogs,2001,93385515,107301977,200687492,"['Action', 'Comedy', 'Family', 'Fantasy']",1 hr 27 min
Two Weeks Notice,2002,93354851,105688620,199043471,"['Comedy', 'Romance']",1 hr 41 min
Red Dragon,2002,93149898,116046400,209196298,"['Crime', 'Drama', 'Thriller']",2 hr 4 min
Elysium,2013,93050117,193090583,286140700,"['Action', 'Drama', 'Sci-Fi']",1 hr 49 min
Flubber,1997,92977226,85000000,177977226,"['Comedy', 'Family', 'Sci-Fi']",1 hr 33 min
Encanto,2021,92661715,123560300,216222015,"['Animation', 'Comedy', 'Drama', 'Family', 'Fantasy', 'Musical']",1 hr 42 min
The Town,2010,92186262,61839874,154026136,"['Crime', 'Drama', 'Thriller']",2 hr 5 min
Non-Stop,2014,92168600,130641000,222809600,"['Action', 'Mystery', 'Thriller']",1 hr 46 min
The Client,1994,92115211,25500000,117615211,"['Crime', 'Drama', 'Mystery', 'Thriller']",1 hr 59 min
Blade Runner 2049,2017,92054159,167280389,259334548,"['Action', 'Drama', 'Mystery', 'Sci-Fi', 'Thriller']",2 hr 44 min
John Wick: Chapter 2,2017,92029184,79518618,171547802,"['Action', 'Crime', 'Thriller']",2 hr 2 min
Star Trek: First Contact,1996,92027888,54000000,146027888,"['Action', 'Adventure', 'Drama', 'Sci-Fi', 'Thriller']",1 hr 51 min
Halloween Kills,2021,92002155,39645000,131647155,"['Horror', 'Thriller']",1 hr 45 min
Think Like a Man,2012,91547205,4523302,96070507,"['Comedy', 'Romance']",2 hr 3 min
Kindergarten Cop,1990,91457688,110500000,201957688,"['Action', 'Comedy', 'Crime']",1 hr 51 min
Heaven Is for Real,2014,91443253,10539459,101982712,"['Biography', 'Drama', 'Family']",1 hr 39 min
The Haunting,1999,91411151,85900000,177311151,"['Fantasy', 'Horror', 'Mystery', 'Thriller']",1 hr 53 min
Crimson Tide,1995,91387195,66000000,157387195,"['Action', 'Drama', 'Thriller', 'War']",1 hr 56 min
Ride Along 2,2016,91221830,33386608,124608438,"['Action', 'Comedy', 'Crime']",1 hr 42 min
Stepmom,1998,91137662,68573131,159710793,"['Comedy', 'Drama']",2 hr 5 min
The Imitation Game,2014,91125683,142430025,233555708,"['Biography', 'Drama', 'Thriller', 'War']",1 hr 54 min
Save the Last Dance,2001,91057006,40649803,131706809,"['Drama', 'Music', 'Romance']",1 hr 52 min
The Scorpion King,2002,91047077,89583830,180630907,"['Action', 'Adventure', 'Fantasy']",1 hr 32 min
Prince of Persia: The Sands of Time,2010,90759676,245606000,336365676,"['Action', 'Adventure', 'Fantasy']",1 hr 56 min
Antz,1998,90757863,81000000,171757863,"['Adventure', 'Animation', 'Comedy', 'Family', 'Fantasy']",1 hr 23 min
Scary Movie 4,2006,90710620,87552000,178262620,['Comedy'],1 hr 23 min
The Game Plan,2007,90648202,57232341,147880543,"['Comedy', 'Family', 'Sport']",1 hr 50 min
"Me, Myself & Irene",2000,90570999,58700000,149270999,['Comedy'],1 hr 56 min
High School Musical 3: Senior Year,2008,90559416,162349761,252909177,"['Comedy', 'Drama', 'Family', 'Music', 'Musical', 'Romance']",1 hr 52 min
Madea Goes to Jail,2009,90508336,90508336,90508336,"['Comedy', 'Crime', 'Drama']",1 hr 43 min
Space Cowboys,2000,90464773,38419359,128884132,"['Action', 'Adventure', 'Thriller']",2 hr 10 min
Space Jam,1996,90418342,140000000,230418342,"['Adventure', 'Animation', 'Comedy', 'Family', 'Fantasy', 'Sci-Fi', 'Sport']",1 hr 28 min
Get Hard,2015,90411453,21300000,111711453,"['Comedy', 'Crime']",1 hr 40 min
RED,2010,90380162,108626225,199006387,"['Action', 'Comedy', 'Crime', 'Thriller']",1 hr 51 min
Planes,2013,90288712,148970000,239258712,"['Adventure', 'Animation', 'Comedy', 'Family', 'Sport']",1 hr 31 min
"Legally Blonde 2: Red, White & Blonde",2003,90186328,34728514,124914842,['Comedy'],1 hr 35 min
Mystic River,2003,90135191,66460000,156595191,"['Crime', 'Drama', 'Mystery', 'Thriller']",2 hr 18 min
Terminator Genisys,2015,89760956,350842581,440603537,"['Action', 'Adventure', 'Sci-Fi', 'Thriller']",2 hr 6 min
Flightplan,2005,89707299,133680000,223387299,"['Drama', 'Mystery', 'Thriller']",1 hr 38 min
The Emperor's New Groove,2000,89636687,80025000,169661687,"['Adventure', 'Animation', 'Comedy', 'Family', 'Fantasy']",1 hr 18 min
The Lone Ranger,2013,89302115,171200000,260502115,"['Action', 'Adventure', 'Western']",2 hr 30 min
Taken 3,2014,89256424,237222717,326479141,"['Action', 'Crime', 'Thriller']",1 hr 48 min
Don't Breathe,2016,89217875,68543127,157761002,"['Crime', 'Horror', 'Thriller']",1 hr 28 min
Scream 3,2000,89143175,72691101,161834276,"['Horror', 'Mystery']",1 hr 56 min
Oblivion,2013,89107235,197061337,286168572,"['Action', 'Adventure', 'Sci-Fi']",2 hr 4 min
The Ugly Truth,2009,88915214,232767386,321682600,"['Comedy', 'Romance']",1 hr 36 min
Percy Jackson & the Olympians: The Lightning Thief,2010,88768303,137728906,226497209,"['Adventure', 'Family', 'Fantasy']",1 hr 58 min
Failure to Launch,2006,88715192,41508966,130224158,"['Comedy', 'Romance']",1 hr 37 min
The Muppets,2011,88631237,76553000,165184237,"['Adventure', 'Comedy', 'Family', 'Musical']",2 hr
Inside Man,2006,88513495,97490096,186003591,"['Crime', 'Drama', 'Mystery', 'Thriller']",2 hr 9 min
Back to the Future Part III,1990,88277583,156800000,245077583,"['Adventure', 'Comedy', 'Sci-Fi', 'Western']",1 hr 58 min
Waterworld,1995,88246220,175972000,264218220,"['Action', 'Adventure', 'Sci-Fi']",2 hr 15 min
Starsky & Hutch,2004,88237754,82030996,170268750,"['Comedy', 'Crime']",1 hr 41 min
Along Came Polly,2004,88097164,90214565,178311729,"['Comedy', 'Romance']",1 hr 30 min
The Hand that Rocks the Cradle,1992,88036683,88036683,88036683,"['Drama', 'Thriller']",1 hr 50 min
Entrapment,1999,87704396,124700000,212404396,"['Action', 'Crime', 'Romance', 'Thriller']",1 hr 53 min
Peter Pan,1953,87404651,87404651,87404651,"['Adventure', 'Animation', 'Family', 'Fantasy', 'Musical']",1 hr 17 min
Pineapple Express,2008,87341380,14283463,101624843,"['Action', 'Comedy', 'Crime']",1 hr 51 min
Miss Peregrine's Home for Peculiar Children,2016,87242834,209239612,296482446,"['Adventure', 'Drama', 'Family', 'Fantasy', 'Thriller']",2 hr 7 min
Sisters,2015,87044645,17966408,105011053,['Comedy'],1 hr 58 min
Saw II,2005,87039965,60708540,147748505,"['Horror', 'Mystery']",1 hr 33 min
The Naked Gun 2½: The Smell of Fear,1991,86930411,86930411,86930411,"['Comedy', 'Crime']",1 hr 25 min
The Campaign,2012,86907746,18000000,104907746,['Comedy'],1 hr 25 min
The Accountant,2016,86260045,68900000,155160045,"['Action', 'Thriller']",2 hr 8 min
Dumb and Dumber To,2014,86208010,83629000,169837010,['Comedy'],1 hr 49 min
Cruella,2021,86103234,147171578,233274812,"['Adventure', 'Comedy', 'Crime', 'Drama']",2 hr 14 min
The Emoji Movie,2017,86089513,131687133,217776646,"['Adventure', 'Animation', 'Comedy', 'Family', 'Fantasy', 'Sci-Fi']",1 hr 26 min
Mean Girls,2004,86058055,44068222,130126277,['Comedy'],1 hr 37 min
Annie,2014,85911262,50942244,136853506,"['Comedy', 'Drama', 'Family', 'Musical']",1 hr 58 min
Alvin and the Chipmunks: The Road Chip,2015,85886987,148911649,234798636,"['Adventure', 'Animation', 'Comedy', 'Family', 'Fantasy', 'Music', 'Musical']",1 hr 32 min
Spy Kids 2: Island of Lost Dreams,2002,85846429,33876929,119723358,"['Action', 'Adventure', 'Comedy', 'Family', 'Sci-Fi']",1 hr 40 min
Alita: Battle Angel,2019,85838210,319142333,404980543,"['Action', 'Adventure', 'Sci-Fi', 'Thriller']",2 hr 2 min
Fury,2014,85817906,126004791,211822697,"['Action', 'Drama', 'War']",2 hr 14 min
Pokémon: The First Movie - Mewtwo Strikes Back,1998,85744662,77900000,163644662,"['Action', 'Adventure', 'Animation', 'Family', 'Fantasy', 'Sci-Fi']",1 hr 36 min
Real Steel,2011,85468508,213800000,299268508,"['Action', 'Drama', 'Sci-Fi', 'Sport']",2 hr 7 min
The SpongeBob SquarePants Movie,2004,85417988,55649139,141067127,"['Adventure', 'Animation', 'Comedy', 'Family', 'Fantasy']",1 hr 27 min
Power Rangers,2017,85364450,56972790,142337240,"['Action', 'Adventure', 'Fantasy', 'Sci-Fi']",2 hr 4 min
Stripes,1981,85297000,85297000,85297000,"['Comedy', 'War']",1 hr 46 min
Anchorman: The Legend of Ron Burgundy,2004,85288303,5421064,90709367,['Comedy'],1 hr 34 min
Aliens,1986,85160248,45900000,131060248,"['Action', 'Adventure', 'Sci-Fi', 'Thriller']",2 hr 17 min
Open Season,2006,85105259,115706430,200811689,"['Adventure', 'Animation', 'Comedy', 'Drama', 'Family']",1 hr 26 min
Green Book,2018,85080171,236672485,321752656,"['Biography', 'Comedy', 'Drama', 'Music']",2 hr 10 min
The Expendables 2,2012,85028192,229947763,314975955,"['Action', 'Adventure', 'Thriller']",1 hr 43 min
Dangerous Minds,1995,84919401,94600000,179519401,"['Biography', 'Drama']",1 hr 39 min
Paranormal Activity 2,2010,84752907,92759125,177512032,"['Horror', 'Mystery']",1 hr 31 min
Tammy,2014,84525432,15850000,100375432,"['Comedy', 'Romance']",1 hr 37 min
The Santa Clause 3: The Escape Clause,2006,84500122,26268000,110768122,"['Adventure', 'Comedy', 'Family', 'Fantasy']",1 hr 37 min
Ferdinand,2017,84410380,211658819,296069199,"['Adventure', 'Animation', 'Comedy', 'Drama', 'Family']",1 hr 48 min
"Crazy, Stupid, Love.",2011,84351197,60700000,145051197,"['Comedy', 'Drama', 'Romance']",1 hr 58 min
Annabelle,2014,84273813,173305469,257579282,"['Horror', 'Mystery', 'Thriller']",1 hr 39 min
Scooby-Doo 2: Monsters Unleashed,2004,84216833,97000000,181216833,"['Adventure', 'Comedy', 'Family', 'Fantasy', 'Horror', 'Mystery', 'Sci-Fi']",1 hr 33 min
Birds of Prey,2020,84158461,117700000,201858461,"['Action', 'Adventure', 'Comedy', 'Crime']",1 hr 49 min
Atlantis: The Lost Empire,2001,84056472,101997253,186053725,"['Action', 'Adventure', 'Animation', 'Family', 'Fantasy', 'Sci-Fi']",1 hr 35 min
Cliffhanger,1993,84049211,170951000,255000211,"['Action', 'Adventure', 'Thriller']",1 hr 53 min
The Other Woman,2014,83911193,112799203,196710396,"['Comedy', 'Romance']",1 hr 49 min
The X Files,1998,83898313,105278110,189176423,"['Drama', 'Mystery', 'Sci-Fi', 'Thriller']",2 hr 1 min
Penguins of Madagascar,2014,83850911,289664710,373515621,"['Adventure', 'Animation', 'Comedy', 'Family', 'Sci-Fi']",1 hr 32 min
Die Hard,1988,83844093,57759104,141603197,"['Action', 'Thriller']",2 hr 12 min
Up in the Air,2009,83823381,83019358,166842739,"['Comedy', 'Drama', 'Romance']",1 hr 49 min
Wrath of the Titans,2012,83670083,218300000,301970083,"['Action', 'Adventure', 'Fantasy']",1 hr 39 min
Insidious: Chapter 2,2013,83586447,78332871,161919318,"['Horror', 'Mystery', 'Thriller']",1 hr 46 min
Under Siege,1992,83563139,73000000,156563139,"['Action', 'Thriller']",1 hr 43 min
Battle Los Angeles,2011,83552429,128266925,211819354,"['Action', 'Sci-Fi']",1 hr 56 min
Immortals,2011,83504017,143400000,226904017,"['Action', 'Drama', 'Fantasy', 'Romance']",1 hr 50 min
I Can Only Imagine,2018,83482352,2604529,86086881,"['Biography', 'Drama', 'Family', 'Music']",1 hr 50 min
Apocalypse Now,1979,83471511,8686553,92158064,"['Drama', 'Mystery', 'War']",2 hr 27 min
Patriot Games,1992,83351587,94700000,178051587,"['Action', 'Thriller']",1 hr 57 min
Saving Mr. Banks,2013,83301580,34566404,117867984,"['Biography', 'Comedy', 'Drama']",2 hr 5 min
Smallfoot,2018,83240103,130800000,214040103,"['Adventure', 'Animation', 'Comedy', 'Drama', 'Family', 'Fantasy', 'Musical']",1 hr 36 min
Good Boys,2019,83140306,27896926,111037232,"['Adventure', 'Comedy']",1 hr 30 min
Valkyrie,2008,83077833,118467684,201545517,"['Drama', 'History', 'Thriller', 'War']",2 hr 1 min
Brokeback Mountain,2005,83043761,95018998,178062759,"['Drama', 'Romance']",2 hr 14 min
Turbo,2013,83028128,199542554,282570682,"['Adventure', 'Animation', 'Comedy', 'Family', 'Sport']",1 hr 36 min
Disclosure,1994,83015089,131000000,214015089,"['Drama', 'Thriller']",2 hr 8 min
Charlotte's Web,2006,82985708,65978114,148963822,"['Adventure', 'Comedy', 'Family', 'Fantasy']",1 hr 37 min
Monster-in-Law,2005,82931301,72526026,155457327,"['Comedy', 'Romance']",1 hr 41 min
Are We There Yet?,2005,82674398,15244265,97918663,"['Adventure', 'Comedy', 'Family', 'Fantasy', 'Romance']",1 hr 35 min
Freddy vs. Jason,2003,82622655,34009973,116632628,"['Action', 'Horror']",1 hr 37 min
Star Trek: The Motion Picture,1979,82604699,82604699,82604699,"['Adventure', 'Mystery', 'Sci-Fi']",2 hr 12 min
The Descendants,2011,82584160,94659025,177243185,"['Comedy', 'Drama']",1 hr 55 min
Cheaper by the Dozen 2,2005,82571173,47583395,130154568,"['Adventure', 'Comedy', 'Family']",1 hr 34 min
Mr. Holland's Opus,1995,82569971,23700000,106269971,"['Drama', 'Music']",2 hr 23 min
Bram Stoker's Dracula,1992,82522790,133339902,215862692,"['Drama', 'Fantasy', 'Horror', 'Romance']",2 hr 8 min
Let's Be Cops,2014,82390774,55834177,138224951,"['Action', 'Comedy', 'Crime']",1 hr 44 min
Blade II,2002,82348319,72661713,155010032,"['Action', 'Horror', 'Sci-Fi', 'Thriller']",1 hr 57 min
Beowulf,2007,82280579,114113166,196393745,"['Action', 'Adventure', 'Animation', 'Fantasy']",1 hr 55 min
Bridge to Terabithia,2007,82272442,55314621,137587063,"['Drama', 'Family', 'Fantasy']",1 hr 36 min
The Pink Panther,2006,82226474,81889423,164115897,"['Adventure', 'Comedy', 'Crime', 'Mystery']",1 hr 33 min
Teenage Mutant Ninja Turtles: Out of the Shadows,2016,82051601,163572247,245623848,"['Action', 'Adventure', 'Comedy', 'Sci-Fi']",1 hr 52 min
The Post,2017,81903458,98515818,180419276,['Drama'],1 hr 56 min
Alien,1979,81900459,24385063,106285522,"['Horror', 'Sci-Fi']",1 hr 57 min
Maze Runner: The Scorch Trials,2015,81697192,230598864,312296056,"['Action', 'Adventure', 'Sci-Fi', 'Thriller']",2 hr 11 min
Eight Below,2006,81612565,38843429,120455994,"['Adventure', 'Drama', 'Family']",2 hr
MASH,1970,81600000,81600000,81600000,"['Comedy', 'Drama', 'War']",1 hr 56 min
Unstoppable,2010,81562942,86242524,167805466,"['Action', 'Thriller']",1 hr 38 min
Payback,1999,81526121,80100000,161626121,"['Action', 'Crime', 'Drama', 'Thriller']",1 hr 40 min
Ted 2,2015,81476385,134387221,215863606,['Comedy'],1 hr 55 min
The Talented Mr. Ripley,1999,81298265,47501244,128799509,"['Crime', 'Drama', 'Thriller']",2 hr 19 min
School of Rock,2003,81261177,49834813,131095990,"['Comedy', 'Music']",1 hr 49 min
Snow Dogs,2002,81172560,33862530,115035090,"['Adventure', 'Comedy', 'Family', 'Sport']",1 hr 39 min
21,2008,81159365,78649005,159808370,"['Crime', 'Drama', 'History', 'Thriller']",2 hr 3 min
While You Were Sleeping,1995,81057016,101000000,182057016,"['Comedy', 'Drama', 'Romance']",1 hr 43 min
Congo,1995,81022101,71000000,152022101,"['Action', 'Adventure', 'Mystery', 'Sci-Fi']",1 hr 49 min
The Notebook,2004,81001787,36813370,117815157,"['Drama', 'Romance']",2 hr 3 min
Jimmy Neutron: Boy Genius,2001,80936232,22056304,102992536,"['Action', 'Adventure', 'Animation', 'Comedy', 'Family', 'Sci-Fi']",1 hr 22 min
Eat Pray Love,2010,80574010,124020006,204594016,"['Biography', 'Drama', 'Romance']",2 hr 13 min
The Texas Chainsaw Massacre,2003,80571655,26792250,107363905,"['Crime', 'Horror']",1 hr 38 min
Zookeeper,2011,80360843,89491916,169852759,"['Comedy', 'Family', 'Fantasy', 'Romance']",1 hr 42 min
